Title,URL,Published
The best Gen Z marketing of 2025—5 brands that got the messaging right - Ad Age,https://news.google.com/rss/articles/CBMingFBVV95cUxNMlFKTV9oVEhPSHVoWXZsTVgyU2N3a012YzFnMlhlS29idC1xNDczd3dTdVN6Z0xDbUFjUkpkZlVnSjFYZDFrenhxVGozaWRSN3V1M1lHcF96U0hiT09BYlp4TE5EYTloencwYVJQN2s4MVJWWGJHeDV6VmpZeXpuNXpSbFA1RUhORDZvUmJQR09EQW5hbXFPekN0Si04QQ?oc=5,"Mon, 24 Nov 2025 10:00:00 GMT"
TCS elevates Kritika Saxena as Head of Marketing for India - Exchange4Media,https://news.google.com/rss/articles/CBMivwFBVV95cUxQYU1LaGdsZUtBenRybzFRQlUybFJ6MjVtMkRXMVMycUtTUVp5MXBxYlBHVTN2VDYtWEhUemlxRW1LS3hDNEFqaDJkNU8yNDdfTmdGYjhoQUFLbnJocmVtU09PSVNGSk5jVW9WeVlBWVVoakpSUk1KZzhIdDlINllETDduTmYtdzdFbU5VamF6VDJYcklLTGFhWmdySDhsM1JBZTJ6QU9iQzBSQkdHQ2lqWHRJMTlkXzlfemRiVFYySQ?oc=5,"Mon, 24 Nov 2025 06:29:40 GMT"
"OMCs to see over 50% jump in operating profits as marketing margins strengthen: Anuj Sethi, Crisil Ratings - The Economic Times",https://news.google.com/rss/articles/CBMiiAJBVV95cUxON2lLTU9XUHNfUWxNY1dGbzVhRnF2YWpZS2Y0anExRmdRS1M5cGpYSm03dlFnWWw1Z2RrcXN5Y3FxeFoyWTdra3ZITVZ2M3lwYmpnQnY0RHhFeEtlR0lGOFlNLTF1S1pCeDl2WU5nb05IaGJkUE5vdXdsN3JabXVmSnBWZlY2VDlSTjBCQVJKLTJ6LTBvekh4UkxJZC1FUmZaM2xaWWcxUmtVYUduRlJDMndaQzBOX2w5NE80RlZpU1c5LWxBcEFWczByRG9nYmNuOFU2am43TDVxT0FxeTJUenlucG42bDRWOTlBd29qcnFmUWVKTFpZTWJHeFVQbUxjeURLdG8taVnSAY4CQVVfeXFMTjdmYVBwVElxRVZCbFJYUW82b0EzOU8xS0FfZWNXOGFQNkwyYmtFSld1X2FkLUhudlZtWTZmbWdoUWhRckZ1T3VSWWtzMTVudzcxMGNnUmhZYnVXQlpSRjFEOFUzVU5QdGtSdXRHRzJRcktEX05yblVqTmR0Q0NYeXBTaHpyWEpXTTQ4dV9Va0RqVjUxbnBsUElpTFNJYUY4NUQzM3FiNkZLcVhVcXJzak1oZXVOUnplMWRXaGg2X21uUWtTUERxRDJmVTdDTV9qWWtUa1o4RUpoUlRnUU4xODVTUWhTQ0RHSm1majR1bU1rQkh6dnVjaW0tUkUyQjZZSHBUZU9Ta2JrWTZsMEdB?oc=5,"Tue, 25 Nov 2025 03:41:00 GMT"
"TCS Elevates Communications Leader Kritika Saxena To Marketing Head, India - BW Marketing World",https://news.google.com/rss/articles/CBMivgFBVV95cUxNWldWYXhlT3pEZVItclBLZ0k3ME9LOXNFVU1FLVh4SWhkLU4zZzBxN3hDeE41SHhUYkhzV0lIMVlYR3o0X25neWRUSmVFNTJFYlQ1MkNGWVRMS0V1REltVUxoWGQwLW9KR3hJUWZPc3ljUHI3Sy1tT0pwNm9HTS1FQ3hvTkJ3MkdIN2M3dEVoU2FyWEhZQmt4ajR1Y2hxeVNRQkk0LXViME9WOUd4WVJKX3lvcGNIZEpyeWdDZjJB?oc=5,"Mon, 24 Nov 2025 06:58:27 GMT"
ET Shark Awards - The South Chapter: The Grand Jury reveal - ET BrandEquity,https://news.google.com/rss/articles/CBMikAJBVV95cUxNYjZxa1hKd3FOZC1UNjc2N0ROZGJxNFR4azlxSktENVAzV2pKNlVkZXJJcFA5WS1oc3Q0MXhuNEFPbndZOWF3TEZWM2VKa1J1YWYzM01SaFFBa05MUlRlVjV3NHdKXzRxRzByYzVtUG40ZXZvczFQaFBBR3JmSXBJdDBHdkY2MHRCYUtKTDFkVGNLWFpKR1dWbUphR3NpT0hBMUo5YWJuRmczUnZINmxHeDZOOWtHTzZOb2xiM19MYjVpV0R2a2dHQ3E2OE9iMUFQem5udkNkUUJXa0tVWHo5Y2xXLXhOdE1PcFN2dk4yVWhZUnJaYWEza3RTamE2dzIwQUZHN3FBNTZPRGJNQkk5ZtIBzgFBVV95cUxNRmtWNFpvSk1INjZaZDJGbS13YVdIQlRtNnRWOE4ydUI5WnN5NVVidFctOW54TXlicEcyY090THdsTl9LN3RHZ01qSnBGZldvQnFTN2hVMEZqT21BQUF6ZlJwOXRmUXlBVHozbWN1ZThRa2lOaENPbEJPOVBweWRxSXptTWdXc3hkZHpCU0wxVkJkN1BWdnRVNUl5aGpienloRmtrLUJhQ0F3R1lNQWYyWVVjX25BUVY5MHRLLVQzOFl3V1JDMW1FMzU0ZEJlUQ?oc=5,"Tue, 25 Nov 2025 03:03:10 GMT"
Dr. Reddy's receives EC marketing authorization for AVT03 (denosumab) - Business Standard,https://news.google.com/rss/articles/CBMi4gFBVV95cUxQa1N1VUVFbWE4RmEtYW9uWnNHbC16VWs2cHdsNGRMRTR4R1FveHRyUWlKRUF3bVVRWlktSWtGOXBGbGJzdHp5NHNfTVJMTWMxdWFhdm9aVi1ZSHBOQXhncGtkZDZpVzdKVlgwTG5GeF9USHBWXy1paWlEdDVnUkRpbVNvNFdPS1lfRjNiV1B3cTRhWTJfLWFvUmRKMkxJbjlrcFJVY21hMnp6TVBXSTBNOWEtejRockpSQmwwSks2ajVwUGlGRE1DVTBIcWN3OHM1VDlhckVCdGtQQnFvNTFIU3FR0gHnAUFVX3lxTE5BSmZZWDVRd2tRbmtvWVJOTmZEN3dXRllFQW1oeEhhbkxEcHdaMnRFWjR1LUQ0dW9QYl83a3hnS1pGNG5IRWJyQ1pfN3hXUmszWjk3ajVGaFY3UjRqUW1hTTZZNEdyQUtqOGlLSG9YeGo4a2hCR1pwaXVtRGdDQnJzRll1bDYtMWtKTE1sbV9LOG5wWldLb1d6cG9JemFmRVd3ZjUxanp4bzRKVkNraVF5dUoxS01MY0V0YUIwN1EwSTE4LWpxaldINEhQd0pjWkxGemZ0Q0xoS0pabUJKQkwwSktTaEhjQQ?oc=5,"Mon, 24 Nov 2025 12:04:00 GMT"
The new spycraft of marketing: Brands decode rivals’ influencer tactics | Company Business News - livemint.com,https://news.google.com/rss/articles/CBMi8gFBVV95cUxOd0dScXF6bElLa1p1X21WREFkM3RnNFdmVUo3OHA4eXlhYTFLWHR1Y2dMOEdYYkRXS1BNRUgzTEoyOVFicUxlNTJiZGxmbUhCX2pPMGN1VEY2NEhlNXpmUzdPLTBRWkdkRUJ2aWNCTXVnVDFMaUwzR19RUUg2X0J1ZnJVQ1lmazRWeWx6eGl6OGpEa19LN3JJVEpWbVIwcWg4eGI5dDFkYk9uQlRWaldaUHhUUGZoZGVxVlhXOXVxbThxMnQtRDhpanJiV2NuWG4zbXJEeHZsZDNTYThRQTdTN2xJUXltczBYWFRGVWFGSzhlZ9IB9wFBVV95cUxOeEl0Q0ZBR215UXNjMEFsVUNCam9fTC03SElqLVdoZWNSNmhBS1NnelA5UVlPZjdQWlRObmdpbWdpbFFBc2R4cVZNcjVwUnJ2UVUxc2trVjRCMm9odnkxR1pGOUUwS2d0WEZVSjBjR19Zam1USTZkLW5zZEJEd0pPWmVKQkF6dzNlcjU3WV9mNkgzTktLUXcxQVVFT05DTE10RHFMcVY3ZE1OYlNMdTItcUxrZ3BSbTFxaU1tVVQzcDkyYk1SOXRUVEk4ZF9ZU3REVWRjV0w4azNGamEwbVBRRUM2bDA2UldweDljOEl0cEkzcXNpN3M0?oc=5,"Mon, 24 Nov 2025 00:25:17 GMT"
"Americans are microdosing obesity drugs, driven by 'thin is in' marketing blitz - Moneycontrol",https://news.google.com/rss/articles/CBMizgFBVV95cUxPVURBbkFEOU1CRFZKc1o5bzhsWmgtaDlYSUJqclU4X214djA4TV9BZmFpM0d0MEJkRC00YTNHSkpBejBoZFc0Mm1EZGNOWFlBRy01TUg2VXluSDNQNzZaYjZES3NBN01DMFpLMXpRUVk4R0ZhUVZxUnFkemltd2VBUGlRMGtiWkhpSUdDMVNkc2ktUVY5Z1F1c21FR1pJakdQUW9HNzVQalRxNEVvOC1ENDRxVmJ1bno3M3p4czJNbGRnNDJzZExuU1U2TUR5UdIB0wFBVV95cUxNTEwyLUJWY2xpalJJZzI5cmdOMEd4NHZTT1ZCbEpqMEkzcnh4dkV4MThXYWxyNHFNQUVLbTBCNlVEODJ2Ym0xckRGNkJObnJSQTlFWE9PczhiRWg5LXRNOHZVN2ZiN2ZtWlMxT2QwNW1QZ3ZNT0dSMm0yZ0lISG91bE81clNVU29vbURXRk1OUlFVZGo3d204N2NzSjRqdlRlTGppT1I3U25zWElJOFZZMGU5TXg2SVN5aV9pb2x0d19PQW5GLUxHU1FxYVFQc2VodDNz?oc=5,"Mon, 24 Nov 2025 11:49:46 GMT"
Omnicom-IPG deal on path to close Wednesday following EU approval - Marketing Dive,https://news.google.com/rss/articles/CBMirAFBVV95cUxPRV95WTRqWWxlOThKM3ZxbDlXWndKMWNwaTVFNldXZzhFTkhOMzRCT1JYaUgtWEU3LWlZTk4zRmwxMWt5MzQ5T1llM1l4U1NST1VkMy0wamUteWw0RDFRUFpUeEZYbTlKakRNYjFrTzFnd0Rrb3ctWTJTQ09LODVmeWdCNW96dFZQN2JUb3FRdTBhd0l4eE5iaENXR1RpdFlvazlWSVhUMnl5U2Rk?oc=5,"Mon, 24 Nov 2025 17:24:15 GMT"
EaseMyTrip appoints Manmeet Ahluwalia as Chief Marketing Officer - Adgully.com,https://news.google.com/rss/articles/CBMinwFBVV95cUxQQWsyMFB5bDMydTR1X3EtWUV3aXNZVGY0ZldZVTZXYWp2N3V1Uy14dkVDeWtpVlpOM2hXMFhsZkdjMUNZN0pTQ0FnOFlRWGFrcjVQY2Vwc3BoejR3R2JBT1h0T1Q2S1RPdVRGWk52ZHlMX2tJZHpKd3ZseWVwaFFKaC16dTI2VG5fbHpudEhYZ0NOYmhEUlZoVXgtN3dEUVE?oc=5,"Tue, 25 Nov 2025 02:30:48 GMT"
Ashish Bajaj Reveals the New Playbook for AI-Powered Marketing - Exchange4Media,https://news.google.com/rss/articles/CBMivAFBVV95cUxQaE5BVHpWZVViSTdGN2JaY0xEQWQtMk0tSDNkTElIUHdlUHhtQzdWaEI5MkRYTnNlcWRFN1lBRVpVMWFud2ZlSzk3X3pQdXZzODd3S0RMWEdFMDZuVmVycFdVZENNTG9zeVp0MENkYjh4N2VjNFpmWFNPTU9YcERmdW5sZUtfbG56Z1lOWXhUbjJmX1JyaHp5ZW1lVkJCRkROemlrUE15eFFlZmp1YjBwQWpMNWFKTjhqbmF1NQ?oc=5,"Tue, 25 Nov 2025 06:24:12 GMT"
93 Latest Video Marketing Statistics 2025 [Data & Trends] - DemandSage,https://news.google.com/rss/articles/CBMiZEFVX3lxTFB2VHJTcW5saTN6OHktcWszUVVudF9WSXhSUG84a291RmNTRTMyY3ZpQjZDUVpfOEptVXlHbFdyTWhJbmY2WXJIbE9IVklJblFxY1VLWGpJRTRzQ0NWU0stZmRKb0o?oc=5,"Mon, 24 Nov 2025 20:19:07 GMT"
"What Is Digital Marketing? Strategy, Skills and Careers 2026 - Simplilearn.com",https://news.google.com/rss/articles/CBMilAFBVV95cUxPSHBkcnZJdjlMaDBTSXo1aDRlSFhBa3E0R2tzYVB5SEs3dG9fLVBMOUlnVlRXTzNEd2luQl96TjFUMzRqZFNRc0ZSamEycEp2NU9Cc1o0SkZ4SWdfODYwTUItaE84VmRIdEhhLWFXcEZlbnlBTEFNcjZUNktFWFhCNk5wejJtbnctdFdhUG9yNWt4NjQ2?oc=5,"Sat, 22 Nov 2025 08:00:00 GMT"
AI & Marketing: New Methods and New Risks Conference - Stanford Graduate School of Business,https://news.google.com/rss/articles/CBMiiAFBVV95cUxPTl9KaGV1RENwU1lIU3hWSF84d3JfM0EtekZ4LXhEYlNUbWtvQkh1dDRFcGtOY3JOQ2xFVnpCWEtsNEpSOEVfZHQ3cjByVGRzUDBFRnc1SUprN0pPNXR0cTBBYjA2clgyd1VheFhVLVRaWlF3a0FCMWNkTWd1LUNjNzYxT1U2S3VP?oc=5,"Fri, 21 Nov 2025 08:00:00 GMT"
SEO’s Hype-Fueled Move To The Center Of The Marketing Mix - Forrester,https://news.google.com/rss/articles/CBMikwFBVV95cUxONlRnNEE3S1R6WE02QnI5bzJldjFDMGhybWVUTXIyaW1GUFpXQUU3ZW1adFZLMGxHVmVnc0ZaSHhJejlJa0xEdkg3VlpRdTlPNHJyTFpEamRydDZtTWlndjhVelVCZzVxQnJDWjdKaEh4UlRRTERGNVpxTTM3aVV3T2FBeE51dGF5TDJjYWdpbVNqVGc?oc=5,"Mon, 24 Nov 2025 13:59:24 GMT"
Affiliate Marketing: What It Is and How It Works (2026) - Shopify,https://news.google.com/rss/articles/CBMiXEFVX3lxTFAxY2RWbTFiaV9MNDQ1MjA5RE52OWFhT1NGX2x1dlU0aDdZZW12RU1FS1J3bU9kNkFVbmpXTlRLNmM0c1hFUktzX05BdHZsa1lFX0lzdlNmNjBnSDIw?oc=5,"Thu, 20 Nov 2025 08:00:00 GMT"
Hannu Marketing installs Epson SureColor S8130 - Indian Printer & Publisher,https://news.google.com/rss/articles/CBMiekFVX3lxTE5jUjBVME1HMkJSUjlPNE5iY19fYW1oNjFqSHpHUk01OFdYZ1ZxNnhTMHdRZlhDcEZIMDNYVXFjMG1tZXhCR0VLMy1WLW9mb3FXQXlDZUtuYXBuTEpLVC1kU2htUlh3eEdSdUg0N2lHVVktc2tCNE81Qlh3?oc=5,"Tue, 25 Nov 2025 04:35:14 GMT"
"‘My trust is completely broken’: Marketing head resigns after pay cut, says management is ‘begging’ him to stay - financialexpress.com",https://news.google.com/rss/articles/CBMi7AFBVV95cUxNeHk3dU1QLXpybGhZZ0ItVERJSlc3Z2RxRXpZZVI0V19RQWNITExudUFtYnM2YldSWGJwZ2xzRkhTMlBwblJmdEZsaDRHdGhHQkk3Y1RNdjlxM24zUkp1Z2hIMmZsblo4LXNBeFY0UUtIb1oxaktwMFFzZ05KR1lkMDhyckViVHAtbnF3WnJ4cWxYY1pOWmxkOTk2VllVMDZjRl9CaXpvR3pMWm1uVXlnSXlSaGRVbWZDYUNLUjlKdjRxeS1KMjhRWk5ySklJNXBUckptZlBVTXVnUTJYckFhWU9BV1B4b1lra19DNdIB8wFBVV95cUxPZTlzWjRMdE5tai1rQWtGQ3A3VUJGZHNzZFEtR0YzUjlIY3hob3J0NjdZZXhodEdjcS15c1AwV2dsd3lyR2Qta3RTZ3VaTTZoVTVtQkJUNTExWS0weVhuZVhBN0tTU1dHaWdvb0FER05aeVFIZGpQZUhtV0xIenRjeTZwbGpDQnVOQUkyV05yWnFCc2NyeExjLWZWWVh3c1FjQTk2Slpaa2ZrMnZBNFI5by05V0tORGpUbFl0QVdXcXdWNFZEZU53MVNVQmRlUjY3ejBJeF9QNEliRm53RWJfLVpKeFl3LUJJNkhRcGphMlYyMUk?oc=5,"Thu, 06 Nov 2025 08:00:00 GMT"
The Moneyball Shift: How AI Is Rewriting Modern Marketing - Forbes,https://news.google.com/rss/articles/CBMirgFBVV95cUxQYkk0Tk5rSVk0X3c3TFl5Znh4azl2OHU5MUlxNW1PZHZjYmpDbXNBdnBEMmlSdDZRaHA3OFpvZmxCQXVQNUd4V2NRcmxzMDNsb2pzenE5bk8tZndsdHVDeE11QnFpdV8tVi04OXRReFJ0TnJCWFEzaUxBNG9IcmQ3elNCQ3JuX01jLThvSy01UzZOUlpUN21VNUotMk9wbWxYQWZIYk1ZZFBUdXZRSEE?oc=5,"Mon, 24 Nov 2025 21:36:31 GMT"
"Indian stock market: 8 key things that changed for market overnight - Gift Nifty, Trump-Xi Jinping talks to Nasdaq rally - livemint.com",https://news.google.com/rss/articles/CBMilAJBVV95cUxPc3NPYUgzTVczVWJGeTNBZm05a3ZMLXVHQUo3R3BzUHZ1djV2NHVmU2VGQmxwR0NvRkF6RzNWaG8yZXBxUzlkc3h0RUpEdXV6SGM0NGpTSGplWWFGRjFqREhSeEdaeDFDb3pfaTBVN1owQkxRenR2WXFfcmlUOTIxVnJ5R2FCbWJEQ3RBVGlNaFd3dEFPVVNrNVFnU1dJeHUzNUhkWTA4ajZYN2xxVHhlWHdsTWlzeHdOelhrWHJaN0V0WDhfcUFZTk92WXZxV0FOSHhvMjVRQzktR3FmY2RtajJ3SEVtTzdnWDVucXFsd1NfWU1XbW5VbVBFTmx3c0tzb2R6RnZCc1dTLVR0R0xiVWxmR1jSAZoCQVVfeXFMTVItT2dwQ0hGanBGaGpSUWxjY2dzX3F2STBPd2JCcVFBRmxWb05aajBuUGpkd3BaMXE3TUF2ei13YkVEYWE4Y0hYbHF5TU0zaDRMOHZDb05mdGphY2U3b3N0eE5fR2VLWkgxamd5SXh4VWd6UDRQdW9oZHhFZEpJWklGQk04Y1hOaTBCcHJSY3lJTDREWEVTRUNnOUdXUUlJb2hPbFlUMkdyOWltMWx0eU84bldOVjBEU3hzNXhjaWpxekZFMXI2dXZ6dktEcUgyQUtRU0cxTnp5U1BxeXFRQTk2RHFvWXlwdFozUERKcmlRbHFJVzlncGRxNHRCM3dwMi02aEdzTXJkanRUaHNFMG9TN3hhdV9EODNB?oc=5,"Tue, 25 Nov 2025 01:43:06 GMT"
"IOC, BPCL, HPCL shares shares fall today as Investec downgrades PSU OMCs on weakening diesel marketing... - Moneycontrol",https://news.google.com/rss/articles/CBMiggJBVV95cUxPakZ5dWpMcmdVNENBQS1xY1FMQXZfeVpoX21vUGY5V1E2WXJKRFNseFpDSlJ6dWczc2xwMkFtTm5uSEo3V2diZUo3SUNuM3J6SkVnS253NTNxYUtBV0NHaTQ1MGk3OC1tV1ZJN0FRWlV5S3Z6WGEyVkw1bF9EQjdfZ2l5Zjd6OEkwUVNaTjdXN3E1UHRONzI1aEFpMGp3b2lfU3BpT0NUay1XRXd3dEtZTW9tSElpanBSZXJSbW5NM0NHdTNrT09PR2FMSW9zSHotRzhTYUxIWEtzNmxpQ092N3MyeVJDbUZ6Ml83d1RwNTVQRmxqRm45aWtlS21IWUhfTnfSAYcCQVVfeXFMTjFYQVgxbm9jNFNFaDZhbEsydkdGbWRsNi1wR1FNNWJoc1R6RUNEc2VZbElZTkJ2a2M0QWJRblg5bFpGd2tuRFZoUUZmNllkR1d0emFVbDgwaDVNTDhTVVJDdURjWXI4b0dyYjIwVDR6MF9XeTFqeDY4TUNqOU1YU1hScHRpWWthQ2VQRDVmMWV4Mi1mSTE5c1d5bXpWS3VmUWpnUldPZk9uSXU3czZ5MzVpN2duLS1sU2R5VkVIZzFGb1plNjJlSmNpZVI1XzZTRjJjbVhlVldOWXlJbzJLZ3EzYUJCU3gxUklIMU5jVDZiOE94UTd5RnVXOGdwWGhJamhvTFNnUW8?oc=5,"Tue, 25 Nov 2025 06:30:24 GMT"
Real estate marketers face rising costs as Google AI eats into search traffic - Exchange4Media,https://news.google.com/rss/articles/CBMizgFBVV95cUxOOERHbDVTQ1lZTWFoWjVtdVB2Y0l0eGhVMkg5WXA5Mjh5LXpQQVF4a0xqbWxtamNsNTlqYXJ1eFpvLTRuMDZ2YUNDTGpDei1RdHZKYXZwdWtoUzJkRnVnajR4eDM2Vl9JWUtmRjVhZzBPZkRxS214YmxSQ3ZFc3R5Y3Q0Zk5leWZKSHVua0drTFBubEF4VUtYMmNMRzZzR3lzSFRzazhmMmVOeHJwSzdzOWRTTzhORm42Z0haQzlGX3NsalhJTnlOMDRCTmJWUQ?oc=5,"Tue, 25 Nov 2025 03:45:01 GMT"
"Sensex Today | Nifty 50 | Stock Market LIVE Updates: Sensex falls over 50 pts, Nifty below 25,950; IT and... - The Economic Times",https://news.google.com/rss/articles/CBMi2AFBVV95cUxPS192eVBLenBEUFF0RUpFRENMZHcxZThscEg1dWZ5VjkxM25YcDdiN2lpRE5hejlQTTliSk00dTBIV016Y2VsWUtwM1ZfRy1Sd3NhN0hMTjFFLXlvcVRvMXNkbTVNOUVGUFlxVlRVUjZBdFRLUDVUQU1FX0NGZGxXLTlwbVNKRWxTcWg0S0pvc1Rvb19hejFFWEhiYXFoWkIwN09WSUYyc1ltOU9MSk1QYmhzR3FwdnJMRWtDaHdjWDBuaDZlNWNsT2tJZXl6TDVMc2dmTXhNS07SAd4BQVVfeXFMTkg5SVJ1aURZT1IzdzNMZ2UwbUVtbUFFSVRXcjVNRlJ0MFYyczBtVnNyVXA4WXA1SGRWQ2dCdlFXdVAteXdCMGthMkg1TUxoN0VDbTRpQU5LM2pjWGhzb2NXWXYxbjA0NVNjd3M3MFVtQWZ1VTlUYkNCaF9odk5NVFM5Y3JIdHJSWHpkcTVMNktEcVZGckJFdnZOQzNIdlJ3TUNzLW1FbEZ3THBuLWZoSVZOX21zVzZzQXZwa0xRT1UyQ0o2a3lBeGRVR3NtQnlvZU5JQ3pST1JTNHJJLWFn?oc=5,"Tue, 25 Nov 2025 06:12:35 GMT"
Wipro to enter pet food market with new brand ‘HappyFur’ | Company Business News - livemint.com,https://news.google.com/rss/articles/CBMi2AFBVV95cUxOVm5QeFdkNW0yTjgzRTFHeGlhUV9WY0hqaTN0OXZWUXo5dHBHbm03LVhwN0puLTZzVm9JT1p0UWZrcEZMR05nbHduR3dxekJfWU1zbWRoMGU0TzlmSzBadG9rb1BTZ1NaNlZ1MnlNNjF1dVBNMGlsX0JRcTdLbjJsQ1pnSkcwSXFxMks5emgxWVVmNUg4U1M3TnJacVJoaU50YzFkZ3NveFo2LXQwc1BiMXpBcTRWR1NaeEpzVTZaSkJMTnBHcjlHbWU0VkNyeDhGcVFXaWNyUDbSAd4BQVVfeXFMUEJHSGg5aWVhaW9SbV9KdWxScFlTVm5fYnZydi1yWGR4RkdkOEFDbnVrOC1YQ2g0dTJjMXJSUGlzNWpQRll4bklvY0ZHN0stNEVOdkQ5VnVDZUo4anlrWG03VHVUcThvalF6NXJQZDktQkNxbjFiVm1oMFVCQkpIRTRWRk9IamdWbnFKcERSaVVFX21zVVdWVTFsR05xQXNQUFZOazJiR1JxRm1YZzBBcmpIUmRxYTdrN1ZxU0hLLTRlamFycU12VDVQQTFDOGhMcDZTaWdHSllQVl9veXN3?oc=5,"Tue, 25 Nov 2025 04:58:32 GMT"
AI Personalization Marketing: Winning Strategies for 2025 - Shopify,https://news.google.com/rss/articles/CBMicEFVX3lxTE12YjY3bVIwamY4WnpHNkphMkxmZjk1M1ViZzI5TGFhQS0yVHF3WkVCZVRSbnJEYk5MQ3Q2RVNFTnJDSndPSFhodzFueGFnWUFzX0l0Y3BmNzVKU1lnZ3ZTcTg5d29xWDRqWWI1SGFfOE4?oc=5,"Mon, 24 Nov 2025 22:01:12 GMT"
"Nvidia, AMD to Alphabet: Are AI stocks in a bubble? What market strategists recommend now - livemint.com",https://news.google.com/rss/articles/CBMi7AFBVV95cUxNY2k0d25lcDhyY3d4a3VYTTlJV1NEd21XUm5OUkRLckJWOVJnOHdQY1RzWjN2NWtKYUU2VUFSWDBDTUdDQlM4WjdWenFuNVRKZWc3U2FxNTJTTE1TcmVHWjJuLXl2TWZOSHcxR3NxY2w4NEs3bXVycGhlS3hFQzN5S0RJSmlWN1AtcnlYQ2dXSGRMUkNTbW9HSEJ6UGdRQUtQazFEU1hFU2ZEUC0tVF8xRFk2V1V4MFRVOUhBd0Y1T0p1VF9oaVB1NGFWX1pqanA0VXZpS2tYVVh4Zk90UWdqajdidnEzSDNKVkhGVNIB8gFBVV95cUxOeEpsNzd3SlR0ZGppSHBqSTJOWVg3Sm04R1VjNUhtdXBPY0ZPdnA2LXFSRnVMSlA2dFY2a1E0ZS1qUG5McHZ5VFZxMkc3TWlYN2lSVUY5U0hTS3Z1dzh2clhLa2d5b2IwNUN2YkI5RGlxaG5xc1dYOEkyZ0YxSGZVRDVxUXBKZXJhTXc5bWJSM1gySV9zR01KdjloMGE3bDN1eHNUTzNCUE9ZbU1UME1mZTBtQk41VU5pRGUyRVBldEtRZEg3YmVjZlhqY2c5by1pR2VNQTU4U0dDN3c3OEdOQ2ltQnVCemJjRkhicF9GSGVYdw?oc=5,"Tue, 25 Nov 2025 05:20:01 GMT"
"Sensex Today | Stock Market LIVE Updates: Nifty trades above 25,950 as index finds resistance before 26,000 - CNBC TV18",https://news.google.com/rss/articles/CBMi-wFBVV95cUxQazJCLW9tV2JqVUdySi1aMEdPeXdPbTNZMkNVZ2xCcUUwcWxxWlYzLWtvQjdKTThJWTNOOEF2bHJfTDBlVS1JcmJBX3QtTzBIQ21zRTJFWUNESTJRUkZjYUVoNzR3NHRrMUJUSGtneXJaQzVoZjhoOHA3TEdnek44Q2tJMkJqZHBWMHl1RHVuMlVCc2tJd2l0OTRDTHYyOGNUbVJMVkdQTzFSdFE1MjNuVzdXdnNqNW1WNnJVZms0dm1MN0tIUHZGbUZYWXN5cnVhcjhuWHJrVmN0a1RJYU5qOWwzaUNDUlNVbUtSWlI4cG9ac1BzcVFUeWVtONIBgAJBVV95cUxQekJqMzFod2ZhX1JTNWFSVmJKcEllNkc4NkJjRXlDRnhKbkhIenhyUjRtWkVVZWFYLTNOSTBWNF8xdWY3Vk1mcjRFXzJuNjJUMWZpREdWYmljcndhWkpodU5zcjlvdENtN0RGUXFuU1h5MU8xcGZaQkQtaXRoajExSWx1WUtYRl96eTNQWHNfQ0JmMzlWenJhTk9XZ3g0QkwyM01NVDJneEdOYWVkQnNmbEdJM3JLZkkyaFYyZEpUMG1VM1ZhRUl5SDMxWkpUQ29MU2RxbVlsdTlHbm16aWFMNFVESGl4N2k0bUFTaW5icWlWZXNzcDZxb1hBZnRWSDVB?oc=5,"Tue, 25 Nov 2025 06:24:42 GMT"
Morning Market Update – 25/11/2025 - ChiniMandi,https://news.google.com/rss/articles/CBMibEFVX3lxTE4xWVdibWM2bVFUZ1RHLW5lTlc5bkxibm5ZVDQwall1SjA3R3AwdEUyc1UtV08wQkMwc1B3Z0hUaGpUM2t2WmFCbzhaelFFTlFFbDRYdklGM0lxbFRmMGtKbHhuVmNEVllNOG5LOA?oc=5,"Tue, 25 Nov 2025 04:37:45 GMT"
EaseMyTrip names Manmeet Ahluwalia as Chief Marketing Officer - Exchange4Media,https://news.google.com/rss/articles/CBMiwwFBVV95cUxOZ29DblNnUWJRREIzNFRqWm5seGFVQkp6U1RQUV9JWU5fNVVaUW5ROU4ybzdoNDVTSVNRcnVra1dqeHg2b0NLaG5wQkdFVnlZVlVDVFlHUWNRdTZkYmJ3eXVCNzg4ZFZqZlBBbVkta1VZM3JkemVUbi1pcTR5eE5EZnNJZDlBdkhKREZBdXRCWDZ4YTF3UlU0UHpCTlVSNlZIQk5WT1RCdlJxb3ZnQVFuOXkzdVFNeVprUDRYcC16SVNVekk?oc=5,"Mon, 24 Nov 2025 07:30:18 GMT"
From Meme to Marketing - IMPACT Magazine,https://news.google.com/rss/articles/CBMigAFBVV95cUxPdDQ0ZjdGUlFCM0pQdllMQzA0OWt3QzlkZWVfLWVTLVY1V0xnaEtvOGE2VlZhblNpTkZOZHUyY09RY0ZsdE1VQ3loX2IxNmxFejNDeW4wMlk4YldQbU5fWlJwTnFDdGFLOUo5ejdJWVlyNzZ2RXVzN1I2SDhxNXBLbg?oc=5,"Mon, 24 Nov 2025 05:55:01 GMT"
Kantar Media names former WPP CEO Mark Read as chairman - Marketing-Interactive,https://news.google.com/rss/articles/CBMimAFBVV95cUxORTNUSWVWSE44UENWVnZjblJIdG1HdnBpNzRPNWdCNXA5RUxfWXMydG5UaWhzZmh1RW16TWdUZ0l0dWJVR01FeVl1Tnc0YjBpcVZtbWlwWlAxSWV0MGtreHNiY1ZQQUhBdk9vQ2sxUlVrNFNPaEdlaFdRX0UyNUxmM2lEVkZJRmhkcDRtZG5wdjVaVHJaQ3pNTg?oc=5,"Tue, 25 Nov 2025 06:33:01 GMT"
"Trident Resources Engages i2i Marketing Group, LLC for Corporate Marketing and Investor Awareness Services - Yahoo Finance Singapore",https://news.google.com/rss/articles/CBMikgFBVV95cUxNSGNIY0NQcEx4WEw2Yk9HU1lsak9YQzE1eXlwdVJ5M3dFOTR5TU1taFI0cjdBbXZWUFgzQ0ZldTVBdGxKREh3Q0R1REUxamJaR0VQS29fbTRHZWNRRWNIbEcxN3I2NXRuTExOcklXSGhuQnpENTg3SWs1TEp4bmRPelM1aHBzVGhQTzlSLWhmSEVrZw?oc=5,"Mon, 24 Nov 2025 22:00:00 GMT"
"Stock Market Live Updates: Sensex Flat, Nifty Below 26,000; Realty Shares Rise, IT Drags - News18",https://news.google.com/rss/articles/CBMihAJBVV95cUxNM3J6cGY4cW5tNzlxaHQ3QjZ4aEh1QVcxWVFnN1F6X0hFZEZxRC1ZbEVGX2ItWDZWQUljSVVFaFBJLUFxT2Z6SmVKUjI5eFNEY24wTW54OHVpbThUWW51cDVEYl9xMnkxc241bE10ZlAxOXBEREQyblJkcXUySDZaREZMWTNkWl9jWEJlM0psTmtjZXJqZHRWNXUxSjRFWi0zZnRPVzhRejJOVGxhc2hpNjlDa1M5VXk4Rng1dXdwdTA4d1U1eFBseV83aGJvcTJ3WUo4YWMwaVp2TFIwRkZQMnlMMzdUQy1mc1ZMNVRaRVNvZmY5eWY4bHJqNkJXYm0xcDFyVdIBigJBVV95cUxPU0NqczNYNnZ0WXhDcUljZTZPX2tuNUd2UC1SdXNTbUlOejZZS3AzMW1HMHRFaEFwSEZTNzRzajI1Z1p2SkdPNFhNbDZ0Z1hCWXVLeTdVb3VyWlhtbnlFcDRrSnoyeU9PeE5Nc3Z1TzNyMmdicE1pRFg0NEZyRkh4a29iZGxCN1VlZDAwMU9mVFVJZHdYaGZFdGpZMFdXVHFYV2tIWlhsTndIQmNYN0lrV1ZBb3A5VTVoX2pCY0tvSGRlczJQeGxDQXB0MlZkaHppeEJBQmlrSXhIZGsyb1RXNklqRElhZlVvZ0ltRHcyc0RDcUpkQTBtNGxIekhST1NwRlFEaUd4Yy1IUQ?oc=5,"Tue, 25 Nov 2025 06:35:55 GMT"
Sun Pharma Gets CDSCO Panel Nod to Conduct Active Post-Marketing Study for Antacid Combination Tablet - Medical Dialogues,https://news.google.com/rss/articles/CBMi9gFBVV95cUxPWUk5NlVuX3hSd3U0empwRlZIaXFxX1NWOTJrX2V5R1djcU91SU5NbmhfemJYTmhLSEVNbWg4MzlPSjJYaUY3YVFfRk5QTGhINEE2aDRqczZlVmhvTF9DRkZ0REg0NUZyeFZLRlNSZW9aanZVS24tVlZzaElOOUhVMHY0bGNVZktFV0hxRkJySEJhYnd1Vk9raVo1eXEwMm1adHQ5UU5ZWkZwQTg3V3ZWTkRfYU5xcTBUVG1sRGQ5Nk9YXzdHLWdRdFROTzk3TUhGVGJCcXhydm5Fa0M1RlZLdkFkamdiWGZ3RWF4N2VJQVVJYktOZkHSAfsBQVVfeXFMTVBWSXViM2s2dFcxX240QWlIMGdabFFFcGZpMXBnemItbUhhcmhIbnQwUHUxX0htREV4ZUxFenZOZF92Rnhic1A4NVBwdTNBeXBtcXptaWdaV2dray1USFUwVmlySHBrQXRqeDlQTU5EYlhFWGFpaXJwWTBxTG13QmxkX0NlbjRUQ1hQdjk4YzZlVHRHYjVDcWhKMDdPZjhrN2hlYlV0UEE2eEtKMFp1Y2ptZ1pXWmJFVHdoSlFuWWQ1ZS1JMFRfY1ZfbjJRT0lBandJZnZPYVZFRS1aQVBvSUlYUUFIc0NDWWE0VDZIZHZHSnZ4Y2N0d1B0ak0?oc=5,"Mon, 24 Nov 2025 13:28:34 GMT"
Karnataka government shelves international flower market plan at Gandhi Krishi Vigyan Kendra - Times of India,https://news.google.com/rss/articles/CBMi_gFBVV95cUxOWHF4TW5NQTluZ3dLZlFsZFI3LVVVdGNXMlR4ZU54N0VzUDVMXy1YT0tyU3d2c3cwTTMybHA0cnhPdHFiSkp6bHZNWnVMbDd0SEhfR05OV0hSLThQcG5tUl94WVdBal9mTV9vT1lJSWtXTVk5WGFqSGVQRlJ6c1RhT2c5R0dQUzl2eVdIa0EwX3BnUWQwelQxTE5UWm9NZlk4a2lkalJtdFk3bkFDNDU5VU04X3pfWnNJa0kxelNZZU00akhydXVNZVBFR0ZYR2o0OWtGTGR1ZUdhNmxPZGNxRUlpR2FBNDVJM3FET284VHNoV0xsS2lEWnJqV3VTUdIBgwJBVV95cUxPbmFNczF0X3o1QWhXUHdITjV4dWtsUjhJN3BRZDEwVUQzb1ByMFo1UEo5NE9TVzhLMzZ1WHpNMnF5VzJTY2YyX1g4dlA5bWNZMDRhSG9iMjkta0VBVXlkcEx2ZHY0MUlvX0dCZVdrSWFPZVhmT1ZEc3NhNjIzYnd5LU5ELTFNS0s5SW9WbnlMUS1mMVhfZlRXblNDSDMzaVhkQ0FVSngtcDZSdDI2YXV4MkoxUERxWTdRcS1BM3BJaGxaMmVibHFyZ3V2YkhtTVhxSGg5X3ctcmQtMExJQjZqWWJlcTByN1UxaHo4X29HeVRVUjdfc1NWUHBiS05YblZ2QkJF?oc=5,"Mon, 24 Nov 2025 22:39:00 GMT"
How Gemini 3 Accelerates AI-Native Customer Experience - CMSWire,https://news.google.com/rss/articles/CBMiugFBVV95cUxPakVkNVV5VFVlZTZlYkFBVFpUQ0dScEdMMHZXekJYTUJycG81Yk9ZdlhQTWRFY01NM2xhbDRySVpVV1lldlFjdEp4U1g1amk1d09hNnIzaEFhMDA0ZlpEdDZNWldiUDhsc2pYMDV3WDBHTFJjNUFyZ2RvV0tvYmtVcGF0QmVXS1RQZVItYkwwMXNEZ3JNUkt4Q0FFcVFKLU84ZXR3cmNjTHRGWm9hdi1JS280Y3ZMUnN2SVE?oc=5,"Mon, 24 Nov 2025 19:05:27 GMT"
12 Best Email Marketing Platforms (2025) - Brevo,https://news.google.com/rss/articles/CBMiaEFVX3lxTE9kbFpLU1JUcUY5VjVTWktkcTVVcGxmQnVQZ09NNjFMZzctWGJtamE0N0g2N2xTRE1FUlRic2VONDVZZVp0akdQNGo1Q2dpdmpqaC1hNFpJVlRxNEJzdjRiaDZTT3NZVjF4?oc=5,"Thu, 13 Nov 2025 08:00:00 GMT"
"GEO, GSO, AI SEO: Whatever you call it, search marketing has big ambitions - The Drum",https://news.google.com/rss/articles/CBMioAFBVV95cUxNU2xsUkVnOFRqVUxTemJwZHVEYVJXYTEwaVAtS2p5YXd0V1RBTDd2MmVsZTdINi1ETUVWa2pfSUJGajRLeUptOUh2dklraEQyY0lkSnVHeTZENGpRSGVlZG1mTFlhVVZGQzdLRFlXRnBZRUlmdnZXVG1zOS1seDU2Z0RDSjdjcnlfMXJpc05oUE5lVm1YRHlkUmwwUEx0Vmc4?oc=5,"Mon, 24 Nov 2025 14:45:05 GMT"
Stress takes centre stage in Duroflex’s marketing reset - Campaign India,https://news.google.com/rss/articles/CBMinwFBVV95cUxOWkVyMnNhb1NDOFFzX2s0RUk1U2IxcV9rUnRJYTFqQ0VlanQ3MV9yRmdBcDdRdzFuUGFKanQ2dEhPbzhHdWp6SGFGbHR5UDFDNmY1dHdqcmNLc1dENHlSMUdYdjlweFZzc2NrOENDYmd1b3J6Tll1YllodTZSOG1MdUJ3bVRuaXNxd1hrWll1YjViSVV4VVpUcUMxaVU2cHc?oc=5,"Mon, 24 Nov 2025 06:11:22 GMT"
EaseMyTrip appoints Manmeet Ahluwalia as chief marketing officer - Campaign India,https://news.google.com/rss/articles/CBMirAFBVV95cUxNUmN2dmRFZEktck0tMHB2TEtjMC1sMndpXy05VmVmeHczLXFubDg0LWgxeHhvSHhXMDZaTFA3MndSZ0pQNWp0M2kzTXpwRXFDTkNfVUJmZ0t1N05CdEpER0ZIRGx5VjFKUV8yQmU2REttNjVhdW53cm9lcHdvdjFibU0yVVpPeTlLdlhMUEZhNlZBOHp1dVlidVNWcWJDZEF4QVhHNXJZQzdnQmZm?oc=5,"Mon, 24 Nov 2025 08:11:40 GMT"
Wedding Season: Jewellery brands boost Q4 marketing budgets by up to 40% - Exchange4Media,https://news.google.com/rss/articles/CBMizgFBVV95cUxNNVhKSk5zY29hdGUyZkZHdF9lRG5rQmlGaURwQVhaSzd2N0NxLVR6dnZVUV9Ia0tLWk9pX094UlFUbGQyQ1o1ODhfWWlXakhQQnVZV3AzNl9UMzNkalFPSnFVM1MzcmpTSlF2Um1TYUllOFFzUjRUUzFLVkNDMEtLb2pxV080RS1MVVE2Q3JmUmhNX05NTHh1LUlSeTBLRUlvc3lsZ195b2lfMzAxMTRQS0NpRVVIQUp3bW1vWHVQNkJMM2YzYUd0WW15Q2ZEUQ?oc=5,"Mon, 24 Nov 2025 03:50:29 GMT"
"Market Highlights: Sensex settles 331 pts lower; Nifty below 25,950; BEL drops 3%, M&M 2% - The Economic Times",https://news.google.com/rss/articles/CBMi2AFBVV95cUxObW9yQVVtSm9pUmgzTHpaMzRmSWFlUXRuR19OdEZRa19vSEE1Q0RZaU5Hd2pDRFRULVZqSHI5a244TzRySl9rdXI5Q3J3aDBQYnpTV1otcUhZWkxKaFlhZHE4TkhnTzI1dmEzZUVQTlk0c212SWVBQ2Z6SWg2OUhLTTNWdjZGbzlGWEVTWG92NG83SEtCTjdsZXZSTzZlc1diWHI3M2lqaTg3M212X2hKQXptbWdBRjB4QXppUFZnSWNpNklMWWFMSm1uOEpRcTlGQmNkZWFaT2_SAd4BQVVfeXFMTmpnX25fR19FY3ZYWFBRWTJPRWVKWlBidllmZXBJaUtoaEJpcDZNWHUydjcwRVR1ZFp2WWpqa3F5U1dKRGwyRGZNbkhxRF84UnZROXhNMnE2aFFzcjRMZzB0djJfb1hMbW5zT2cybmhSNzdUSkNSc1FabXUxTE42cE9wVFVxVUhhdjBPRTNZQXRvT18yNXJMQXVfeDdMbS1CUVpaelBrUFE1TGMzd3pBei0zdHN2SkppX0c1b21sUUNjSXJoTGYwMHFYSTN3amdUV1hSeGVOSXg0VklCQVhn?oc=5,"Mon, 24 Nov 2025 14:50:00 GMT"
Video marketing for ecommerce: A guide for Australian brands - Sprout Social,https://news.google.com/rss/articles/CBMiekFVX3lxTE80LUVjUDlsSzNzUE90eDNNcWhEQklwYkdlRF9kVnd4ZlcyRUxXZHZkbXVWcm91enh6OU1KRXNYUC1oWlp5ZDBJYTJVbzJlaGRZbEZ4YURzYVRjX3d4bFBkNGJjY3I0eGJKWmwyd1hPRXJMT0VOQUNhTldn0gF_QVVfeXFMT2tOU2Zrc0NUa2lJZjh2dm5HZENsMU13QklkNWE4QWhqNHNnSDFiVG93Y1lsUW1ILWtSLWpIT0RsMjFhYVJkenBqNWkySmtObnVxS2sxc0JDMUZpLWFwVm9ReXQ5MTA2dFd5blAzSE8wUmxuQmxMMTNsbnVMTV95WQ?oc=5,"Mon, 24 Nov 2025 18:17:56 GMT"
B2B marketers are prioritizing AI tools for 2026 - eMarketer,https://news.google.com/rss/articles/CBMif0FVX3lxTFBMZ2FkUmhFUnNHZGtOVlB4YjBjREROS0JxSEgtem1nOGg0RVB1dHU5Y2pvR2pMMVRfQ3NEQy1IOElHRU1QWnRWbG5yd2R5M3dUM00tMFdpRVEtbW9oTVB2ODdPYXFCYk1xeEZWTXU5Y3BvMUZwUmZZNTBoVG5XNTQ?oc=5,"Tue, 25 Nov 2025 05:12:19 GMT"
Digital pure players ad revenue worldwide 2024-2025 - Statista,https://news.google.com/rss/articles/CBMiiAFBVV95cUxQbW1HTE9vOU9OaFpNRDJQMTJJaFIwMjlTRjFOaVlCektZcHVDSjhHQThVcXdTV1VVdHRNR2JhbWJqS1RJNGVNRldoSnJNMk9ZZFFhSkxIQm0wdUxNdnVFTWkzMllpUi1fUDFhTWd1UXFYRGFJczh3SklFdWZpVU1pZVp4NkFGSWJf?oc=5,"Wed, 19 Nov 2025 08:00:00 GMT"
Student-driven marketing campaign boosts conversation surrounding LMU’s Core Curriculum - Los Angeles Loyolan,https://news.google.com/rss/articles/CBMijAJBVV95cUxOT0ctQVBpa2ZWY0hteVZvRVRqWHpZTElRX09fVWxIaVc0NXd0OHdoaURDeU9zMWJ5QUZMNjNrd1EzNTdvTDhITzZncjNmeVJBZHdnQlVpdnN5N1hzNGJwMExMN0NOSGdCRXNXVkxXSWR0blJnY2FiekJjdGV0cC1EQUlLZ2otTThtMXZEdGZwSVd5dnhEVFYzNHZvbHFnQjA2YjAxb2Qyd0JiUVJsajRiUkpESlhhR3ItcGRha3BHdkpnN05NY2NjdXJIOEY1c2xJYUtsaHEtN25JOGQ5SVc0Y0wtbm8yRV9Jc1JaQlpLZUpjTnUxaWRyWGthNF9wbkdtWmFBNE9fSnZScTNE?oc=5,"Tue, 25 Nov 2025 05:30:00 GMT"
Fleetio appoints chief marketing officer to accelerate growth - Waste Today -,https://news.google.com/rss/articles/CBMipAFBVV95cUxPbnozeTZTZnNvUkRRSy1EV21xS0xkYzlSUjBaMTN6Q1ZJaWs1U3Z4eDEyQnhmQzFBNlpBVUswb0lQck5wX2ZkcGp4c0JNbVZXTGlOSElZWEJyaHJOaXVCVUN6SFpmTlBlbFhYZW5tYUZrQmx0UG1idVlybTJ0akF5RmJuSVlPbWZoRHRPQTdVOFhTMnNCdEQwSEtzUXBBNlVUbzh3eg?oc=5,"Mon, 24 Nov 2025 22:00:29 GMT"
How to target customers with mobile device marketing - Business.com,https://news.google.com/rss/articles/CBMimwFBVV95cUxQbDA2VFI3cjQ4Z2xHSkJrZ3NiQmctczJ6WmFDZ0drWUJSQVVxSldaLUZlbXF2UGZaSWs2VHZWbWhwZ2hBa3JhUFVCU2F1X1IyNDVWMGk4a3kwR1FNVUF6Vk56ZkRtTUc3bWVmc0xOZmc1Nmk0NmlPM3lLbFd0b3FWV251b05QWjR0RUsteXY2UGh3VjB1LWtPdWZZRQ?oc=5,"Tue, 18 Nov 2025 08:00:00 GMT"
The Era of Startup Outrage-Bait Marketing Is Upon Us - Inc.com,https://news.google.com/rss/articles/CBMilAFBVV95cUxNMUY4SVNQR1dLYXFVWlliOVN6LVd5SUhKOFo2WVV3c0t6a2N2LXUzeUI3S1JZcm9BUFBsLTUyellkVXIzNk9rb3EwaHVqaFhWbFdIUzkwRi1fZE00aHZSVFN6M0hNeTQ0S0hkdjVEN05Qb185RGJkNkh0Z3k1bTBjM1NWVHozQm5KMGdkLU9QWmdNaVdP?oc=5,"Mon, 24 Nov 2025 22:19:48 GMT"
3 Advertising & Marketing Stocks to Watch Amid Industry Woes - Yahoo Finance,https://news.google.com/rss/articles/CBMiigFBVV95cUxNekxUZlF1bmNoaXZxLTR3cHpVdGIxTDZqMTU1TW52Rjg4enRrclhkNkk2ZmhQNERxRW5YSU94X3M5NVlaTjEwbzE4SDZIQ2N1Nk1pWHBDeWVybUt2TjZBMlhWWHE4WE5uQTFiekRjRVFOLVV0WmQtQ0pJVmJNVzZWUGRFbjcxc19VRXc?oc=5,"Mon, 24 Nov 2025 17:49:00 GMT"
Australian Market Trades Mixed In Mid-market - Nasdaq,https://news.google.com/rss/articles/CBMifkFVX3lxTE9YV1BsZnpGZGtkSWJSRC1acjc3RDktYmMyVHowWGotSmRQcktPcnBqZE4tTURhc0tHWFdNMVkxZVlkX1I1RVZqeFo5T1pLQ3g0ZS1CNkYyQWpoZ0hoaWNjbUJkS0RaTk82Unc5OWJnUV9pYUNDcnZzYi1wVTZVQQ?oc=5,"Tue, 25 Nov 2025 03:27:00 GMT"
"US Stock Market today: Wall Street gains on renewed optimism for Dec rate cut, Tesla climbs 6.7%, Broadcom rallies 10% - livemint.com",https://news.google.com/rss/articles/CBMi5gFBVV95cUxPcWw0eDRJRUpOUUt3TElCNmQ1cld1aXJBOXRMd1U1ZGdITUhTWWVFdWRpUDZVWVhjcXA0bXl0aGd3eVU5NDl2WFdjLTJuTkZvNXJmRGtVdm15UEoyVE9KMU1MUHpmczNLeWJDTkNQejh0UUhaWGx0Y3FwTDVjQmxmb0t5VW9zQ0V1TzJhSWZSTzRlSVNWbGlQem9POHM4UXZidkI0QXItMldvTXFvZ1lqU2g2V1hwZmUya3FVNk1vUjRKVk9Hb09ueVJUeHEyVlpLSWVGWWNLNXZkMGZWUXlobkVDVjVIZ9IB6wFBVV95cUxNTklIS1Bicnp3Y2lBWUJQWnlDMFB3YkRiSC1VQ1c2SXRhSTBXUFkxOHNXVXVGWWU4WEFFQVhublpHSTJrVmFLM21pR2JVeW5pX0x5UVo2cUE1aWtiSWN6empXdW52bFNsRWF3ajQwZkw3TmZpS2d2M1psVjhtd3F1UnlzUlhmaTRhdkU3UFB0ZldOb09HU1QzakdvbS14N0JUaGFYZmdnNG5ReDNjQ1U0MUFvZW1icUJJSE16ZlVHMklUM2VIVW0ySC1nSzI3NFh6d25fSDB4SlluVUJiWFQ2VE94NFVnVFVKRzNB?oc=5,"Mon, 24 Nov 2025 15:12:01 GMT"
What Drives Marketing Strategy Effectiveness in 2025: Insights and Analytics - TechFinancials,https://news.google.com/rss/articles/CBMitwFBVV95cUxNa0ZMVHRDWUVzS1M2NW9rbWRBdE1WX1ZxQzRDcFhxZkwyLUFDUWptZVJJbWxfLUg2cGIyZEEzUVMwRTdtOUlQNHNhR0NYSDktMi1Sdl9aUE03V3RUaFBHelB5eExVT3cyVmw4eDRfck1RejVaMmNIRVZldHhLMWhTX0NSd3F1aUJfVjZRR2ZtNW1SRldGWHNvUnRpSW03VV9pbWFBckpxcE1aMFZ3RDBab0dua1RJTjDSAb8BQVVfeXFMT2YwaXRjckdqQWpjakE3ZVd4V21EOFdDZGlSdnduNlJaSjVncWpzai1Lc3psV2c2ZWVtSlpub1BLRy1OTEZhSHQ4bl9SQ1ZPZ0pGMFhWeDFnMUxLV1NOVExyaXhJQ3dZTDFCMHhjbUJCazZZS0wtUWdSRHFLdjlHV25ORUZVVzlqcEZ1eGdPd0d0QW9SZFJYbV90dE5DVTlhYTBWT0dTUllWNWkyRklvSXBGckc4TTBacEVYVl9URUU?oc=5,"Tue, 25 Nov 2025 05:56:32 GMT"
Redland acquires marketing rights to Australian grown Dorì Gold kiwifruit - Fruitnet,https://news.google.com/rss/articles/CBMiywFBVV95cUxNRVMxQWNLWFJkMnF4YWEybTdBYUxZODlUblZzUUl6VmQ4R3YxdWxmOGNFcHdMQk9UVDdoengtbV81SU5pVS12d3VyaGJqN19YWlpod2h3ekN0R3Q5ZnNnZC1ZU28xMmw0Q2FJZmFONFpiTUVTX2V5UzJYN3FzWWdVMFl2NHd0ZVZNLWhnSnRYMGhxbUJ0MXdrakhPVGswa2oxNlhYeGFPbDgtYkJ4alJtYmlYcmE3LWJjdFJRdEo4WW05N1NJV0l3WmVXZw?oc=5,"Tue, 25 Nov 2025 03:32:23 GMT"
U.S. stock futures are little changed after tech rally boosts stocks: Live updates - CNBC,https://news.google.com/rss/articles/CBMid0FVX3lxTE1qbGVZUktDc1lhU0VtbnJ1czBBNkJOdlNGY2N2RzlpOTFUcTdRck5RWVhYUFV3Y3BEQm5xQ2gzV21Ea0EtcllSX282S1l6QnBsTEF2V2o3NmFxUjBDUmFSaWZVb2x2UW1MTEJTM1VYN3lDbU4xdEU00gF8QVVfeXFMTWpUM0hENEFnNFQybnVETGdEYWhMWHZGZTdIY1Zfc3F4Y0NtSlhMS05NcVNyZnJJNnFvUnRzT214aS1XelZTQWNEOFZTdzNqUTJ2U21QMjdBdHp6eFZEOVF0WUZKeHhMZXpycFgzVC12ZnJqWGNMeUNTRDcxTA?oc=5,"Mon, 24 Nov 2025 23:59:00 GMT"
Australian and UK Influencer Marketing Bodies Form Alliance - Little Black Book | LBBOnline,https://news.google.com/rss/articles/CBMiWkFVX3lxTE1jNU5nUnYzOGhmWnBZWFhPMi15dlR6TC1QRXMxam1fN3ZqbFNadXhPQlJhTzF5V3RUNEdyOS1ZeTlxazJNYzQzXzNpREtWZERJdmRObFVVRmgtdw?oc=5,"Tue, 25 Nov 2025 00:02:16 GMT"
FAE Beauty raises $2 Mn led by Spring Marketing Capital - Entrackr,https://news.google.com/rss/articles/CBMimAFBVV95cUxNUG80VnNvMGt1cWxGNlhSWmNXQ01hbjJKZVlfOERUeEw0M0NWV3c3OTVzWW9DNXNXWjRwcWw0X0FfRUpaV1BmT2hfRUlmQWdhemVvb1NINFRlVGt1bzZfeC1JVUJfUFIyOTBNcDlzekdEU09Qc0FqT2FjQ0ZPNVRCMFVwTU1sakswOTBka0FNdmtMUUNKU1RGeNIBmAFBVV95cUxNUG80VnNvMGt1cWxGNlhSWmNXQ01hbjJKZVlfOERUeEw0M0NWV3c3OTVzWW9DNXNXWjRwcWw0X0FfRUpaV1BmT2hfRUlmQWdhemVvb1NINFRlVGt1bzZfeC1JVUJfUFIyOTBNcDlzekdEU09Qc0FqT2FjQ0ZPNVRCMFVwTU1sakswOTBka0FNdmtMUUNKU1RGeA?oc=5,"Mon, 24 Nov 2025 06:33:57 GMT"
From Campaigns to Business Value: How AI Will Transform Marketing - Boston Consulting Group,https://news.google.com/rss/articles/CBMid0FVX3lxTFBER2ZNVGxzcmJfUTYwZmlDYl8yMTFjWDBqbzExUnJEWnZ1VXNmOHFUVXpXYk1RTy11STgzNk5xZl80QTNvbDV2Y2lTRHhKZDZCMG43RmpvdktCNnhlYTlHNm80WkpNU0FSaFoyQk1lVUt3eS1JVUdZ?oc=5,"Fri, 07 Nov 2025 08:00:00 GMT"
Be Like Aldo: 10 Real-World Marketing Moves Every Pizzeria Should Steal from Aldo & Manny - PMQ Pizza,https://news.google.com/rss/articles/CBMiqwFBVV95cUxPUmhjMGVhdWJPdFpsOXl4UmNpLTJKV1FTN0UtWmM4d0Jtell5NGlEcDloQmc5ZUZkR3U1ZHNRNnZvM2NVaXNwMFNUYTJoRlp2aU5aZEhzUHhzT2NtN2todEFDdGVJYU9pNHRLY29mRVk3TFd1RExfaFM2SmFVUU94Y2kwajZ0VUx1OVhYVV9FN1VTUklQNGR0WmpRVG9qODE2aGZsc3RzU3h4Zms?oc=5,"Mon, 24 Nov 2025 22:13:56 GMT"
Omio’s Norman Nielsen on how to prepare your company for the age of AI in marketing - Business of Apps,https://news.google.com/rss/articles/CBMiuwFBVV95cUxQcEdqYU5fMkxKdVVLQ1YwVVZNTlBEdFBLR1ltbGhObENlSjRjdXZvWEJ1SXV4Y1lnemJ3UTFjNllFQXJlM0RwcjNvV0NLYm9MT0JlV3VoSXRCdWRqZVRZXy04V2lheDU5dkwxT0tPaEZHcFoxRmNEemcwTTlhOHhkelZ3d3cxb2ZaQ091cVJtbFh6emktcHQwLUhSX1VkZVpjOXFMQjgyaGJwSlhpV2RNVTF4WHBGTlBLTHpZ?oc=5,"Mon, 24 Nov 2025 14:20:06 GMT"
Pink Lady aims to take bigger bite of European market - Fruitnet,https://news.google.com/rss/articles/CBMipgFBVV95cUxPVjFpZV9DSXFIcDIxTEZ1WDE3WnpmRUZLYWItT2NfeThLVlZubTZZRmV4cEs2a25qSktJTE5uSHpUWWlXS1J6aWJ4TUM3U01xNU5rSXRNM2ZaVThGVXlqdklMSmJGOVJweE5XNE9wNTZWV2VzVUQ1SGoybTNXa18za2hPQy1yWkFZR2tyR0xndm52ZkRMcHFoRkVNLXJjRTJJeDg4WXJn?oc=5,"Mon, 24 Nov 2025 13:19:38 GMT"
AI and the Future of Market Manipulation - The Regulatory Review,https://news.google.com/rss/articles/CBMikAFBVV95cUxQTUszck9XcjhjZGRzdFE1eFljX1ZMMzVEYkxLTHNqXzJvRG10SVBFUmFwczFWYjBxSVptTlFua1h0Vnk5Tk9zS0VzRkNnT0YtTHNBZ0JrNG4wOWVqNlJkN0pjOW9YUEN1Q3Ywa0d5bjFtS0syRGlxWGRJOWNaU1JTSmpVYzNvd25ac2ZHUV9pUXk?oc=5,"Tue, 25 Nov 2025 06:10:52 GMT"
Over half of B2B brands ‘fail to understand’ marketing’s potential beyond lead gen - Marketing Week,https://news.google.com/rss/articles/CBMiakFVX3lxTFA0SzdvdXBjRnU0MDlEaWx5OHZpakt1UmlGYkxSWXE2aFR0OUlYMURKSTBmaGVzNXBCQlcxTVV4a29PMGNIUWNvWmVWLVRlMl9qUFZwcndjSDl6QnZ4eV9oLUMwR0NnLXhyYUE?oc=5,"Mon, 24 Nov 2025 07:01:49 GMT"
How to Create an Effective SEO Strategy in 2025 - Backlinko,https://news.google.com/rss/articles/CBMiSkFVX3lxTE1zclJNWmx2LWY0X3RKajBwMUl2YmZnOW5VTFFPTkdSaUN4X2xTSldqRVFOZlNkcF9kbVpQLTc3RVhXakdEeG84OFpn?oc=5,"Thu, 20 Nov 2025 08:00:00 GMT"
"Stock market today: Dow, S&P 500, Nasdaq futures inch down after tech's biggest rally since May - Yahoo Finance UK",https://news.google.com/rss/articles/CBMi0wFBVV95cUxOdDVOd29tT0pKNzJ6R0g3VkFPT1YwTHBhSHotSEF3c1h1SUcya3ZXNjZidDRaeFhKUHk4eGh2ME5yd3VzaXR6Wlh1STV1NzRaYVRNWnFsb3dQa09GUTFyTWFFT0VVT20wUDRtMDFzMWpMVUFpQ2kyaGRMNk16VS1pZ2NlYmVIRFdLSkdtU2poSGx6QXRvcWlRZDlXal9oSFJRX3FFQnFwYXVBVnM1WkdUUURMcEpGVGc0WURrSnoweWpudDdxU2Y2andZdHVhaW5CblJz?oc=5,"Tue, 25 Nov 2025 06:21:00 GMT"
"Stock Market Close, Nov 24: Sensex slips 331 points; Nifty at 25,960; metal, realty shares decline - Business Standard",https://news.google.com/rss/articles/CBMi-wFBVV95cUxQcjFXMHF5Tk1iQVpjdzJKYk9MRmZ3aTVfNU43SmZUUlB6TUNLYWx4VG95X2R3TmxOcWZBanRVZ1pyVEdUY2xvbUJPNDFnSjdrLWRvcmR5cmc0dWl6c2dlLVU3cGgxLU16M3JoY0tJNnhQVmJhbVVIQ0pQYmhpeGZFdUJWWk56NnhxRjQtcG5OaW1GeXFGcndmOWF3cmRwSnFpXzk4bDRDRGxMRnppRGg2QVM5NmtnUVZNdTF5bExjeFY2ZFlhVkQ4RHJzN0FkRTNaNlpMXzllX3k0QnVkVUhKdzlOakRxVnk0UUFSdmR2YldwVlIxSGJSTmY0TdIBgAJBVV95cUxPQlkwZmVvM0duVDk4SnAyRDVfQkFKeHdKS0lFbFNmZkxJUVZEWHQ5VzZkZU1kYWpReFlvMDBEalpjd3Q3cVdORTZWNTFISFNjVVZ6VHBqd3dod1JrTUtMM3ROTjFQRzVZQTZNbXZsMndhWERaaVF6elhORUJkNlRGTk1Ic2lEVHdTMmIxek5xSHNvbXJ3cWdXUFV3UVhUOTE1MzFxVlJyMEhOQjhPUGJNaUFmc21HakF3bDVNSVE0RDZjNGMxRXhYOFo5MTc5cmtuRWxma2VNVThHMEpKZVA4cW5ydzhXeFhqM2k0MkUxNjExaEk0WWFiNkVrMUlQRndC?oc=5,"Mon, 24 Nov 2025 10:14:49 GMT"
Digital marketing trends: Key Strategies - Esade,https://news.google.com/rss/articles/CBMiXkFVX3lxTE1nekl2VVg0WXBudXFqWXdSS01RRmZaLWlBNVpjWm93eC1QUzcwUHhiUWpqZFBEaHhJdWlmeWF5WjdFMy01U0h0SlJPQXd2cEV4TkV4OHZKclZVaVVyX3c?oc=5,"Mon, 29 Sep 2025 07:00:00 GMT"
Former LifeLock Leader Steve Blackford Joins PrivacyHawk as Chief Marketing Officer - Yahoo Finance Singapore,https://news.google.com/rss/articles/CBMikAFBVV95cUxOLUNIbDdhNUJsdmhfOWwtQjI4WXh2cG1ZdkloYUxOc19vUjNfT1NKS1FwVm8yOWxIWk02Vm9hQzRELWR5ZTlldjZ0QkdmSS1USTd4X252TW1sOFZ3NGdQU29GZE5jeGlFeW9nb0YzZWZ1NTNfaXk3NTdTM09ITE51NzBNSVpuRmdTMHNaLWx2a3g?oc=5,"Mon, 24 Nov 2025 23:34:00 GMT"
US stock market bubble alert: Why permabear Albert Edwards says tech & AI rally could end in tears - The Economic Times,https://news.google.com/rss/articles/CBMigAJBVV95cUxNeEpyemRST1lKWFBBVVM3VExHYnh4THBjdk5BUDZ6YWZnRVJLWExTTlpkMHJVOWlEQXFwUms2NGl2UnhVVDFTTnZ1dUM4MlhTZUItM3FIcmtxbzFaNkttd1NxYlVOYTdoam5fVW1LU1NqZ3VJSUFhaTBkQkF5MUpRZ25DRENMamFwampjY2RpbENNS1hDQWU2aEhKMnkxZVRlYktzdE9vN2ppOU1CYnRxWmFjNTM2YjFZbTE2V1dpQnZPenFUbmxOVnE2ZHpCQURIMDRXLUFYcEo1aV9aWTh4cU5hN0FkMmtFcHBOSURXYU16MG5GOW4wVkxoVEhleE900gGGAkFVX3lxTE1ta3I2U1JfUlpzdFdRb0loU2pocHVieUw3WjEyT1dPa1RNNXhJTWVLYjVnSnN6djBhUHFDSU1NSy1PT1BCWlM0VzhxeEFsWnlheXFzcVpkWjNVZWxEZVM1bFd3NUJ2V1lMQ0VzRm9lcGhPdWpvc3ZrVi02WHl5N250blRjMVZuVUhGU0R5WjlTMkVVMHNhaTVaWTZpOU1fdnpMRTBQRXkzZEJUQm1ZdmhlMkpsdWJ5S0o4eVQwWGZ6OGV2UERodGJhREhkTEpxb0UyMGZpZndGblVXQ1Q0TzMyaUk1Z1BqQ0xvQi1ubkppeU5yN25pdTdwNV9NbUV1M0U1SC1SZHc?oc=5,"Mon, 24 Nov 2025 21:16:37 GMT"
NIQ Joins TikTok Marketing Partners Program Earning Media Mix Modeling Badge - Yahoo Finance,https://news.google.com/rss/articles/CBMiiAFBVV95cUxQMVA2Y3lVZUF2RE1mWGpWZV9YY3B1S1VHdEZoVFc5S0lQZFJkdWczUGxSa0FmTnRUMjBWeDBHeldfWTRIWjM0eFE4NUlfWlZObnpGd0s5cUF3b2NZb2VULWk2d3FKRVM1TmpvVGpYUnFuRkhoYVh5eEN2Y0RhNXJtMGtCVERlTWpR?oc=5,"Mon, 24 Nov 2025 11:00:00 GMT"
"Stock Market Outlook Today, 25 November 2025: Sensex, Nifty Likely to Consolidate Ahead of Monthly Expiry - Goodreturns",https://news.google.com/rss/articles/CBMi3gFBVV95cUxOYy0zSVRNRVJzdHdTZ2Q3NjF5NGxnOGJ1X2dtVGMydExOaXotZE5YQjRUaVVaQzBVSlpUWV9KVUV6NWlUWmtzX1luVzE5UURqdGFHbzRfVWF5V3MyZHVnT3lJVkQtbmNTX0hiSUwyVjh5bHpfWFk3ZVVpWkc1SjNwS0JhSm04MG5LTkZGeG9mZUFYQ2ROYldEVXZpRGJoSkdDYUhXX00ydGMxRUJFX0dLVk1vMFhpRVRjcVhsaVJXclltTGpJTV9lV09uMm9vb2t6SkZSLVZPbUlLOUJaalE?oc=5,"Tue, 25 Nov 2025 00:50:05 GMT"
How AI Video Search Is Changing Fashion and Beauty Marketing - Forbes,https://news.google.com/rss/articles/CBMiuwFBVV95cUxNNFJiaWdjVnB2Sjd0VFlHZFR6MEszcU52ZUZvd21mMWVCTGZVbFBESXJtbDY1MFU0SThESy1IbVB5eDVTVThaUFZIR09zZU9hUmNzdXVDeFlPR0k3WHZBaWh3X3E4cmxvTHlYZS1PUnpjVUxxWThQYmVzbEhrV0w2d3BYZVlVd08xcnVRcFk3UTl6WlpGWmNqdGRMZEdaVGVHaURPdDBNTDRBbnRvYUtFUmdvSlNueWpWR3c0?oc=5,"Mon, 24 Nov 2025 13:52:36 GMT"
Some much-needed myth-busting about B2B marketing - The Drum,https://news.google.com/rss/articles/CBMid0FVX3lxTE9Da3ItS0dPR0ZMS1BSNHVfRm96WVJxU1diZXNXX3lqQ0tSZUJ1U1p6VVJwMXJMYVlSeldtMnJTa2xFNThZYVBqV3pJUEVNblZJZERlQk14TExoZ2lYMlFqZ19IUldYcXBjVnFCZUstYmE5Y1dMZVU4?oc=5,"Mon, 24 Nov 2025 12:22:09 GMT"
"Thanksgiving Market Seasonality: US Dollar, EUR/USD and Gold - FOREX.com",https://news.google.com/rss/articles/CBMiqAFBVV95cUxOWjdRWjRyRU9FT2Zxak50X0NuRWhKR05hODFPNmwyRkhWc3VqNTNvYm1vZlBhc21WRkp2NVc2UHdfNXFCWUtQVWpZenNSYS00V3FTRnNhMVc2TjR3dVZJM1dCOXdGUWFLNjJMZXVFMlF0R2lIMUFYdUU5QXBoN3FwUUFHZFNfdjFhWVE3aTA3V0FfY0huVmFxZ1NGTjdEZjBYVGIta1V2dy0?oc=5,"Tue, 25 Nov 2025 00:21:54 GMT"
The State of Digital Marketing in India 2025-26 - Ipsos,https://news.google.com/rss/articles/CBMic0FVX3lxTFBkM082MnVBUXhyUVRQdGRfV3Z6YUMxbUtlSFlsa19qNTQwNzN6RUJ5VGdBRndpcmdvakhrRTRYX0ZJM2ZzZEc4STIxa3FZTDcydkRZbnZDTXpuaTZVVFh6UXM4Y09KbmpDRUR1M2t6WjFYaTA?oc=5,"Tue, 16 Sep 2025 07:00:00 GMT"
Why China Can’t Sort Out Its Property Market Mess - Bloomberg.com,https://news.google.com/rss/articles/CBMixwFBVV95cUxQdTl5ZWhod0lmT0VrTlprUkVYcUJUZ0ZYb0xpcTlCTjI5cF9XZzhfQ1QxZkYtRXlWQ1o5UnNOaHV0ME5feEVGdmh0XzB6NUtXWVJaTkt4UHBQbjF4VUZzbGNWVmNIcXBHXzNvdGxOWkRvY1dVNlhhZjNNY1BkbU4zVHYyQ1MyejNqSlJEYVpFQVNqN09CUlpVRzFRSDlCMU1pQnRJeGp4RkFiTmVfMmVvdW9XQmpwT2RBbXJheUZLV1hvanh6cFZv?oc=5,"Tue, 25 Nov 2025 06:22:35 GMT"
CSUF and ThinkLA Launch Career Summit to Strengthen Marketing Workforce in OC - CSUF News,https://news.google.com/rss/articles/CBMitgFBVV95cUxNVVRBQWZ6eG1ha2E1d09qWENoNlBqcUV3dGRvcWtQaEdsZDRhdHJZYVJqMzM5ci1uOGo5S1pjRzVWXzFFajl6dW81d0FTSEVYRTI3QnljTktHUnBxMlhBMmNrUnNkTUVsZEFSbnZPQWtGdksxWlJ1VzFpWklaRjZQTmE0T0pTWFdmcmp2WXNXWFhUbm5WMHdyWEdrNXZZQS01NEtxdWprZzlLY1lFWEljdFMwMmJ4UQ?oc=5,"Mon, 24 Nov 2025 17:00:00 GMT"
"Stock market today: Nifty50 ends below 26,000; BSE Sensex down over 330 points - Times of India",https://news.google.com/rss/articles/CBMiyAJBVV95cUxPbWhiVWtqRGV2TUtMRldvTDJ1bUFJekhNeHpQdUZqTHRwZC15a0V0ZDJzVVkzWEkzeVZNMTJTeFJFcHd0Z0pjQW50YzZnUzdCWEZCaHUtVDVsVjRWNHZmdTVKdWVsbnM0NXBYaENXMFZrdm81Rmk3UU5lb25wMURSblpYNDFKVmdSQXNOYnJGc25Zd1dNbHhoNUxwYlFEV1o5SnFmbnhUVHhUbXk1ZWIzcjlMQmVxQ2NGSzg2empGZ0Rhd3d4dkZPMWQ3YmFvV2V3RF9iYzFVOTdvVC14SjFERmlXYzN1QnNmd3Q1RWNpcEVvb2dCa3diNGN4Yk40SEdIWE1XSkZDbXZLc0lXOVprSU9IT2RkYnJzemxOa3dsbzhnR2wtTlhnSjMza3ZXeTctMTJsYTE2R0NXTVQtZ0VOc1FtNTZQZjh30gHOAkFVX3lxTE5NXzhMLUM2ejE2NjR6WlVrclZ5VWkwNjZweGtic3Nia2VZeUVDMVkxbTRpRmQ5R2JtMkdrSDNha2Mtc2w0VXhxYWpaV0JBczIzVnBiRkhwVFo0bWVBdndFeGpUaDFybWhXeVhwTkk4T3lkNC1iSzJ4TWpnMGk4R3BKM25XOXF0a1BzSGdqSDZEQXBFWjNDQ2JoVTVnVU5BN2VfdGhZWGgxTzhveFdLVkt0azJiNUlfZkYyRHNHcXg3N0ZOZ1drTHFra0gyVmQ2aGdVQVZ4YUhheGMxSFA5OXVac1BsY2tJNFBaaXYwUnFpTzQzNHI2MElHekloUGM4bU83WHdSbVp5NEVEVTU0NHI3NFBvMDdteUgxbGZXTkdPOVhPR2I3NXZ1aVhLZnpneWpsVXBMT05KM0MxekpXUTJfczY3TzZWQkxlVDBaTVE?oc=5,"Mon, 24 Nov 2025 03:48:00 GMT"
"Today's Market: Sensex Today Ends 331 Points Lower | Nifty Below 26,000 | HAL Down 8% - Indian Stock Market News - Equitymaster",https://news.google.com/rss/articles/CBMixAFBVV95cUxNbmZoSFh3bWswcWlyRWdUTHpVWExCNF9CZGFyTlU0cUtQbUI1X1FvZHluZHRfUEsyWTNROW5WMTl3cUVBTHNabnM5Q1JoT3pTN2FIMFJfQ2M2SWRvZ0gyeHdtVV9XUEs0blNMOWdYQ3dSWjYyMXh6OUxzakRIZmctdEFvb2JvQXg3TFpUMXNJR1NGSXlmWHpVUFlwTnJBbVdneHFka0VqUzAwbW5OWG9lOHdqd0s3bEJXaktmdzVWU0JiVTJF?oc=5,"Mon, 24 Nov 2025 11:18:53 GMT"
Real estate: How new labour laws could affect the property market - Business Today,https://news.google.com/rss/articles/CBMi3wFBVV95cUxNSk5HRU90TzQwNURHamNCQnZVNmU0N3hVbERNekFuTkF4REF4NFhfUDFfVGNPNnZrLTBMd3VuRDdLZ0dlU0ZZT1Y4eUx4c0RHYXByb3pMUDVCb3lCeWJHNWtmWjVwRlYtOUwwamlYYnZoa05zVDVLTnNQTVl5Y0NGX3ZhaVJCSnV3bFJDRG9EM2ZZNURxVUZpRm9rdGJkNmNvcmJWd0I1cEZFclZhZlQ1QkFqYkJPTmZDYXhBaTd6Tm9VdjZQek9GRUpsLUt4MlNrVXh4dFFNakVTc09HUDU00gHkAUFVX3lxTE0yRlNueEluQm5EcTdPekZkLU81MnRzUW54cDluM2xRQ0pTQmZtVl8yeVByU21qSjVWOERHM3RJWUQwVGxKX1Q4NTJtcU0wQ2xsOUxpaFlRZU44am1DY0FEZTFxcThrSldPazU4bmF0U2loYjZOUERXN0Q4YUtiZjBRX2gwYXF3WkhlaDU2Vk5jVHlLTzNiYnkzbHlueGpBTHFIUFZ0VGJXRlJCU0FXMi1WWVlIRF83WDdDRlk1cGM2Q2s1UFB6S09vdTJmamFUQ0FFNnF2a0tPSWJ1eHpIYl9zeG40dg?oc=5,"Mon, 24 Nov 2025 10:50:34 GMT"
Best Email Marketing Service & Software Reviews of 2025 - Business.com,https://news.google.com/rss/articles/CBMidEFVX3lxTE9tOWpfVld4anFUME1qR0dTMkxfZnctamVxN0sySXRPM2JvNGJsUkcxREdyeWV3cDR0aHFJVjJSZ3gxSUNtVGhrZEl0MlEzVHhOSGtBSk45czcyNjhTRU93QTdzcWFjSElHZTkyMGFsaWJRQ0w3?oc=5,"Wed, 19 Nov 2025 08:00:00 GMT"
"Watch Fed 'Rightfully' Focused on Job Market, Says BMO's Lee - Bloomberg.com",https://news.google.com/rss/articles/CBMiqgFBVV95cUxOLTUxbDBKRGZQbzZVdFRpWUY1VUJwQ1ZJZDBfYlRZZDVLMFd2QnNzNkZ4VWhuTEoyUkt6Wlh1cFpFZFg0X2dRbTZyNWVEWmVLbnlvOGZiSURYTHhoaThMVk8zQVpmeUtMMnZMSHhrU3E1anZ1TFgya1kzNlFMalRNTjFFLWlQTHd1dm00NWZMNzBSWHJnSTFtMzQ5djJPclpjMHFfSy1Vc1BiQQ?oc=5,"Mon, 24 Nov 2025 19:48:34 GMT"
"Watch Market Has 'No Clue' About Fed Rate Cut, Morgan Stanley's Caron Says - Bloomberg.com",https://news.google.com/rss/articles/CBMiqgFBVV95cUxOUzJMbFRjbVBvX0YyTGViNjlRM29MNXZIVkhyNTBlTW83Um9fRDBUM1hJZEowUDAwSU45UnpaT05VcjVYUEk2TTIxZTJjd05MRlVLTDI3RHoxcjFnNWgwSVpiX1h6ZlNIbzYtM2N3RVYzTXlBYVJuS0NlRjY4LW9Ubnctb0ZFQVpuQ3BOdHZmY3F5U0trMVVmOThVQVp5bFZIV21jeFRPN0Zpdw?oc=5,"Mon, 24 Nov 2025 20:28:34 GMT"
"Multichannel Marketing (2026): Definition, Attribution, and Practical Strategies to Sell Anywhere - Shopify",https://news.google.com/rss/articles/CBMicEFVX3lxTE9RU2xuMFZGZHo1TXZ6QzZpcjBrdjZCWlVYM0pxakJ4X3FCUHNNUGlKaUVMVE5SZVdHR2NhOFJpWkVCYlFxRDVBNUJ4Tnk4NlExdjVEdm9tdmp2cDl4aGVDeGVxU3FMV3RvaGtLekFlTjE?oc=5,"Fri, 14 Nov 2025 08:00:00 GMT"
India’s IPO market is booming. And it’s luring global companies to list local units - CNBC,https://news.google.com/rss/articles/CBMixgFBVV95cUxNNXRwak1pQ1JrU1VSRnFXaWl0akJEeWE2dnVJYk5WUTUwOEJGTmxmcG54X3ZmajF5elRKOTFBUnRBVTFaSWFyR3BySjcwT3c2Tl95VnF2SFlPbzBraXpfQWdDcnh6aHdtSFdHT1pTRTVMMFM4b1hZakpEM1ZGTGJKc21PcndnQmZYMWNJLVNHNHNxdHFWRWZYd0hZeFpLZlJQMEVpMUJIVTc2VFltNzB4ZTdJdHlieV9DdDZHTG5xOG9WOTctZkE?oc=5,"Mon, 24 Nov 2025 06:18:19 GMT"
"What Is Digital Marketing? Types, Strategies And Best Practices In 2025 - Forbes",https://news.google.com/rss/articles/CBMidEFVX3lxTFBvT1ZsTlY4UXRJazhCcDlvMDRqNDBTZ3g3SXotUHJ5TV9kNXJ3dHNBclpqNWwzZUNDVlNmZlVMVHVIYXQydTE1ME15aDNoY2ticzlLUEpsT3VpLW91Y25BRXVVdm9KejBzLUxaQ1hRUjdIVUdu?oc=5,"Mon, 03 Nov 2025 08:00:00 GMT"
The latest jobs in search marketing - Search Engine Land,https://news.google.com/rss/articles/CBMidkFVX3lxTE00WWpwS0I4dzBFQWN1Z3Bxend4bmIzTWxqZEZRVW1qckh5LUNBamliSGc1Sko2ckplUDFOaHdFSEw4ZTdpNjRLSVhQVGZQMmtjMlpUOUFCZW9TamQxWkZBYkw5Rl9ISEFFc0ZYbWw1V3phV21fbUE?oc=5,"Fri, 21 Nov 2025 19:44:00 GMT"
Understand Below-the-Line Advertising: Strategies and Benefits in Marketing - Investopedia,https://news.google.com/rss/articles/CBMidkFVX3lxTE1nSy0tMFRJT1RGQTZTNW5xVVdmZ0lqQlNHaFNidXZRUmNhWTJhWnlWcEEyRG1ON2tocFVwSXBJYkV6emNlal96cFdoTFNNc2gzMG1SLTNCU1I1c2hwUUU4dlBocC1jaUtmR0d0MXBSRzdCMDQwckE?oc=5,"Sun, 02 Nov 2025 07:00:00 GMT"
"Viral Marketing Explained: How It Works, Key Examples, Pros & Cons - Investopedia",https://news.google.com/rss/articles/CBMiZ0FVX3lxTE9rUVdHdGJlcVZYSU9FQjRzVC00UkRpNGlwTWw1bmFYM044QUljVHRqaHlSbmdKcGlmRzREdzhSbEM3QXVOTG91b0I1VHg5MDJIaDA2MkJadEZNYTRzZjJXM0w5MEJVZ1E?oc=5,"Tue, 07 Oct 2025 07:00:00 GMT"
"Sensex, Nifty 50 fall for 2nd straight day, investors lose over ₹7 lakh crore in 2 sessions— 10 key highlights - livemint.com",https://news.google.com/rss/articles/CBMikAJBVV95cUxNRGJ6UXNYNV9JS1d2aUNKSFo4T0dfUFppMExZcFhNV0t6ZE41c3RvalNyQ0tZUzI4bjE1Nk00Qjlyb185SFlWZ2pIcWIxcTVzc0l1RHhWdGRIOWFqbnY4QnltNUdiaE5qUDlJODlkVTF5Y2RoWTVDRlFtcmlhbDRMREVod2d1MDlMRG9kaUNhSnVmTjZic0N2d21fekdiaURQc1ZubWN4UmNFQ1BGN18tUU1OT1lQXzlXOFlBLWpBN1pyN3pFMTFDZEJUeDFLXy04Q01yOXY2MUFkcng1WlpFWnZoMVNnLUxIM29TWEpuV0l5S0JObUNLYkFra3ZIdzhJVDdCcFlQSDcwUTdfQVQ4RNIBlgJBVV95cUxOUW1RUHhHVENZdUttRUxzeWpsWGR5YURBbWZ3X2dXZ1o3Tzg5Z3J0YTczUGZJSkdreUJYdV9MZnEzVEo1RG5iUVRrR0tZRW1LX2RpemItZEZieHJmNmlyWVI2enowVkdfUWR3ek9EaUlvMWFtUGpZMzlzOGhGa3BGd25uajJPOWFUaWY1cXNCMFNpMzRqOG5fY25FVlNxeU5yLVFWcm91N2ZNREVyRDJPQlZzTm9VWTZzSWZBNzFVWDNpdGRWRUVpODJEU0lYel85TlI3dVlwUUhmTEVPa3V3aU5MMTdnYVV2THdidlVRSUt0eFZYWWI1TlV6dWRYRDJXbVJ1cXY4aDdYQ0hTQjYyQ0dEWkEzdw?oc=5,"Mon, 24 Nov 2025 10:07:06 GMT"
Merlot Marketing Shines at the 2025 PRSA Influence Awards - Yahoo Finance Singapore,https://news.google.com/rss/articles/CBMiigFBVV95cUxNdUxSMWZIQUtfcDRKakNxcVJFX1hocjlsVE5MQlBrbkFxbDdiR3ZFc3dCWWp0M1FWR2Y1d3lON2RqcDJ6RXBYbVd1bUt1Q0tXUHllU25SWVozV3BVTWpYZWRRVjRBclNMMi1ZMEVvaURyVFA0Q3Z3REFNQ0ZiVjRhaWhNcVNLYmhJWnc?oc=5,"Mon, 24 Nov 2025 10:45:00 GMT"
"Closing Bell: Sensex sheds 331 pts, Nifty below 26,000; realty, metal drag, IT gains - Moneycontrol",https://news.google.com/rss/articles/CBMi7AFBVV95cUxQZzBYR2s5Ny0tTmktenU2dTNQX0QxdlpudGVHcnRyUlpHOFVEQmJMelJNdTdYWkxBNWhZbDFFRmw1UkFpOE8zeGk1eFlDY0llX3BlQ2VFcFJOakxPU0llUDFoTG1lOW1JSkpVc3dXalhyV3l3WG1GYWdlVGpRWFZtamJPS3FnbzRQQ2dDNkJXS2h6MG1NRzBXM1JZTHdMbnBCYTJCT3RnUjRTYXpEZGVlQjBNVVJaZkRLOUZfTE9zdlJmNm9JN2pSZS1ETGUyaUxlNnFhZlI1VXRSd0xXSTBFUnk1VVRGTE4tRTNjWg?oc=5,"Mon, 24 Nov 2025 10:45:42 GMT"
Why the crypto market is crashing - CNN,https://news.google.com/rss/articles/CBMifkFVX3lxTE5yZlJfY2sxT3l5WjhaRXFWc3p1MFRfc082ZGZFRUlBd21Nb2hoR0Yxb1EyVDlJcVNTN2gySmRvcTlXZU1NclZ3RFdLUnhUQVBNWU9RT3BST1lqV280eWtGNDlGOWd3X0FBOGRJVVVOX0xsa2dQelhidWg4d0dhQQ?oc=5,"Mon, 24 Nov 2025 21:26:51 GMT"
Stay in the Know: How to Keep Up With Digital Marketing Trends - Business.com,https://news.google.com/rss/articles/CBMihgFBVV95cUxPZTRWQzBTSUJFd2d2VXF4aWxSLWswaVQ5cUhaT2tBVE9GdVgwX3dhaFl6bmJkUWZsZE5sT0pKM1p3WEl4YnZTUUxjdll1b2RCZ0ZVMnc3NjJhTEJtSlFjOFN6NnV1ZkZzZXI5aFFjLWpxeDE0MjFOOW1uVFdJTVFldDJmT2QyZw?oc=5,"Tue, 28 Oct 2025 07:00:00 GMT"
What is Influencer Marketing? – The Ultimate Guide for 2025 - Influencer Marketing Hub,https://news.google.com/rss/articles/CBMiZ0FVX3lxTE1ObjRiRUlOMVZNRjV1bmtxYnRHSEVjb1I0X0VZQWRZNi12cVVKa2RheWF5ZjlQSW5oQ3puckRQdHp1aVdtdHdISHBLNWI4Ym5CZENlbHRfbTBHUzExcHNVT2xrNnF0aU0?oc=5,"Wed, 22 Oct 2025 07:00:00 GMT"
Sales and marketing - GSK,https://news.google.com/rss/articles/CBMihwFBVV95cUxNbUZCaWVxamJaSU9zQk40Mkx0MEhJdW9uYzFDRFBlemVFSTdqSlhONkVVQ1p6ci1PRmdObjNxaGhxaHVYbXZsdkRiOTB2YmNFTzRUdUh1TmNxQ2NGM3ZIamZpaDB5LUhkUVgyWXlsd0g1d1ltU1Y4aWxtdnI0cUd3bTdsMXhlOFU?oc=5,"Fri, 29 Aug 2025 15:44:43 GMT"
14 Benefits of Digital Marketing in 2025 - Simplilearn.com,https://news.google.com/rss/articles/CBMib0FVX3lxTFA4NkE3ZzlwY0xpSlZLTnljbjZuLWZCclQ4UFNzZnNaZXNJSGF2eFktYXhJMHA3SUNUS05YdUhoNlBaQXhUZEZMVHVEQWxCSXViX1hIalMxLTMwR3ZEMjJTeHlSYjNncmRRZGF5blJTOA?oc=5,"Thu, 31 Jul 2025 07:00:00 GMT"
How Chime is redefining marketing through AI - OpenAI,https://news.google.com/rss/articles/CBMiV0FVX3lxTE5ubXB0dzVUVk5VY3VPZkRfWXVDMXlBN1RSSXRtbmJJdUtXZ2JPRy1RbFVnT18wVnZ3UGh0cVlZSm0wRGxHMGF4RGlEazE2UXE5a200bkhUTQ?oc=5,"Wed, 05 Nov 2025 08:00:00 GMT"
"Holiday air travel, Novo Nordisk trial results, 'Wicked: For Good' debut and more in Morning Squawk - CNBC",https://news.google.com/rss/articles/CBMiiwFBVV95cUxNZzRVTHRRbU90cTY0eUJGdUcyOFNqLWwyYlVjOTFSV1dSTGNSM0JVc2NJV2V1ajctdTdFSjFTTlc4RmptYzU3YkUza05DcEZiX05uLVRpUXRvU2FiQnA3QmZQU0pPdGFFcVdBQklLYjRLS3U3S3M4UjB4aC1RZlRfRzVONVNXVmNzaWJV0gGQAUFVX3lxTE1RLUh0RGRVdk1YWEJoRlFtbWRrX3cyTFI2alNTcVZRallrX0o4bHlxSnhaV3VFLUV5dVRpSGp0V2JrVmZhWXhOZ3JpOV9QSzJYMXFkbmNnalFGZ05SUFFYRzByeVVXS3QzblpSVk1KSE9DcERNYjF4MHhUY0tVaHpGVDRXazFUU185by05NlB6Rw?oc=5,"Mon, 24 Nov 2025 13:13:06 GMT"
"Loyalty Marketing renews sponsorship contract with Orix! The Buffaloes Ponta: ""I'll continue to support The Buffaloes with all my might!"" - パ・リーグ.com",https://news.google.com/rss/articles/CBMiX0FVX3lxTE9FT2NhSTN6Rzh5RWIwR3g0Yk5wbHNEQzBNTXBHb0lFdG5BLXVDVEp2aFZGaGpWUmZoOURqV1l5TmtMWEtraW11WmZxcXI0ZUFnWnF1SXVrMEZGdWtHSGtJ?oc=5,"Tue, 25 Nov 2025 05:28:25 GMT"
