Title,URL,Author,Upvotes,Comments,Created_UTC
"Will there be an AI apocalypse? I’m Eric Levitz, a senior correspondent at Vox, covering a wide range of political and policy issues. AMA on Friday, November 7, at 12 pm EST.",https://www.reddit.com/r/technology/comments/1opghaq/will_there_be_an_ai_apocalypse_im_eric_levitz_a/,vox,37,73,1762379587.0
"Meta had a 17-strike policy for sex trafficking, former safety leader claims",https://www.reddit.com/r/technology/comments/1p5x5dp/meta_had_a_17strike_policy_for_sex_trafficking/,CackleRooster,12042,343,1764027866.0
"In wake of Windows 10 retirement, over 780,000 Windows users skip Win 11 for Linux, says Zorin OS developers — distro hits unprecedented 1 million downloads in five weeks",https://www.reddit.com/r/technology/comments/1p5ypdj/in_wake_of_windows_10_retirement_over_780000/,Exciting_Teacher6258,2371,192,1764031978.0
Meta shut down an internal study that linked Facebook use to worse mental health,https://www.reddit.com/r/technology/comments/1p5yr0s/meta_shut_down_an_internal_study_that_linked/,Merlin_the_Lizard,2231,43,1764032097.0
"Booking.com cancelled woman's $4K hotel reservation, then offered her same rooms for $17K",https://www.reddit.com/r/technology/comments/1p5g3ld/bookingcom_cancelled_womans_4k_hotel_reservation/,rezwenn,30942,1354,1763988293.0
AWS is spending $50B to build AI infrastructure for the US government,https://www.reddit.com/r/technology/comments/1p61uqu/aws_is_spending_50b_to_build_ai_infrastructure/,Logical_Welder3467,597,85,1764040866.0
Meta allegedly buried research showing its products are harming users,https://www.reddit.com/r/technology/comments/1p5jzn7/meta_allegedly_buried_research_showing_its/,BreakfastTop6899,4930,126,1763998153.0
"An entire PS5 now costs less than 64GB of DDR5 memory, even after a discount — simple memory kit jumps to $600 due to DRAM shortage, and it's expected to get worse into 2026",https://www.reddit.com/r/technology/comments/1p5yr1g/an_entire_ps5_now_costs_less_than_64gb_of_ddr5/,GIThrow,628,58,1764032098.0
"MediaWorld Accidentally Sold iPads for €15. Then It Asked for Them Back | The incredible offer appeared to loyalty card holders of the European electronics chain on November 8. After 11 days the company began contacting buyers, calling it a “clear mistake.”",https://www.reddit.com/r/technology/comments/1p5mg10/mediaworld_accidentally_sold_ipads_for_15_then_it/,Sandstorm400,2649,258,1764003548.0
"X Displays Users’ Locations, Fueling Scrutiny Over Political Accounts",https://www.reddit.com/r/technology/comments/1p5t4o2/x_displays_users_locations_fueling_scrutiny_over/,rezwenn,1004,28,1764018255.0
Amazon’s Starlink competitor is launching with ‘world’s fastest satellite internet antenna’,https://www.reddit.com/r/technology/comments/1p5oodd/amazons_starlink_competitor_is_launching_with/,Fabulous_Bluebird93,1268,192,1764008351.0
"‘Last Week Tonight With John Oliver’ Auction Raises More Than $1.5 Million for Public Broadcasting, Including New Record for a Bob Ross Painting",https://www.reddit.com/r/technology/comments/1p648as/last_week_tonight_with_john_oliver_auction_raises/,cmaia1503,159,3,1764048281.0
Americans are holding onto devices longer than ever and it's costing the economy,https://www.reddit.com/r/technology/comments/1p5d54g/americans_are_holding_onto_devices_longer_than/,ControlCAD,6386,2355,1763978396.0
The Trump Mobile phone is nowhere to be found after months of delay,https://www.reddit.com/r/technology/comments/1p5wwuh/the_trump_mobile_phone_is_nowhere_to_be_found/,BreakfastTop6899,440,52,1764027236.0
Poets are now cybersecurity threats: Researchers used 'adversarial poetry' to trick AI into ignoring its safety guard rails and it worked 62% of the time,https://www.reddit.com/r/technology/comments/1p5gn2a/poets_are_now_cybersecurity_threats_researchers/,MetaKnowing,2163,124,1763989799.0
Google experts tell the US DOJ selling its ad tech business would be impossible,https://www.reddit.com/r/technology/comments/1p5oe2s/google_experts_tell_the_us_doj_selling_its_ad/,AtrusHomeboy,779,73,1764007712.0
"Udo Kier, star of Red Alert 2 and Hideo Kojima's OD, dies aged 81: ""Udo wasn’t just an actor. He was truly an 'icon' of his time. We’ve lost a great 'icon.' There will never be another like him. Udo, rest in peace. I will never forget you."" | Kier's career spanned movies, TV, games, and music videos",https://www.reddit.com/r/technology/comments/1p5tsxy/udo_kier_star_of_red_alert_2_and_hideo_kojimas_od/,ControlCAD,402,41,1764019817.0
Airlines Will Shut Down Program That Sold Your Flights Records to Government,https://www.reddit.com/r/technology/comments/1p5ia5q/airlines_will_shut_down_program_that_sold_your/,eddytony96,1439,21,1763994056.0
"Many prominent Maga personalities on X are based outside US, new tool reveals",https://www.reddit.com/r/technology/comments/1p544mf/many_prominent_maga_personalities_on_x_are_based/,HellYeahDamnWrite,27808,578,1763948111.0
"DragonFire laser shoots down high‑speed drones traveling at 400mph, costs $13 per shot — UK Navy to begin deploying system on destroyers",https://www.reddit.com/r/technology/comments/1p5tsz3/dragonfire_laser_shoots_down_highspeed_drones/,DukeOfGeek,307,59,1764019818.0
Microsoft is speeding up and decluttering File Explorer in Windows 11,https://www.reddit.com/r/technology/comments/1p5gygw/microsoft_is_speeding_up_and_decluttering_file/,Doug24,1188,305,1763990638.0
Tesla fans told by Dutch safety regulator to stop pressuring agency on ‘FSD Supervised’,https://www.reddit.com/r/technology/comments/1p5vc86/tesla_fans_told_by_dutch_safety_regulator_to_stop/,Logical_Welder3467,214,8,1764023375.0
"X's new location feature exposes apparent fraudster accounts posing as Americans, Gaza journalists",https://www.reddit.com/r/technology/comments/1p5c5ei/xs_new_location_feature_exposes_apparent/,No_Cheetah_8863,2376,100,1763974541.0
"AI cited in nearly 50,000 job cuts this year as tech giants accelerate automation",https://www.reddit.com/r/technology/comments/1p5jdbt/ai_cited_in_nearly_50000_job_cuts_this_year_as/,joe4942,718,93,1763996684.0
Europe Is Bending the Knee to the US on Tech Policy,https://www.reddit.com/r/technology/comments/1p5jlaf/europe_is_bending_the_knee_to_the_us_on_tech/,nimicdoareu,623,63,1763997217.0
"The AI Industry Is Built on a Big Unproven Assumption | In addition to the projections about reaching artificial general intelligence and replacing millions of human workers, there’s the mundane matter of how long AI chips will last.",https://www.reddit.com/r/technology/comments/1p5m4pi/the_ai_industry_is_built_on_a_big_unproven/,Helicase21,268,55,1764002877.0
One-off injection ‘gives heart failure patients their life back’,https://www.reddit.com/r/technology/comments/1p5s7xq/oneoff_injection_gives_heart_failure_patients/,rezwenn,132,6,1764016200.0
"Valve makes almost $50 million per employee, raking in more cash per person than Google, Amazon, or Microsoft — gaming giant's 350 employees on track to generate $17 billion this year",https://www.reddit.com/r/technology/comments/1p4v6dl/valve_makes_almost_50_million_per_employee_raking/,ourlifeintoronto,27399,1590,1763925198.0
More than half of new articles on the internet are being written by AI – is human writing headed for extinction?,https://www.reddit.com/r/technology/comments/1p5o6os/more_than_half_of_new_articles_on_the_internet/,Naurgul,186,59,1764007268.0
FCC rolls back plan to make cybersecurity a legal duty for telecom carriers,https://www.reddit.com/r/technology/comments/1p5k2kh/fcc_rolls_back_plan_to_make_cybersecurity_a_legal/,AdSpecialist6598,284,20,1763998333.0
"One in four unconcerned by sexual deepfakes created without consent, survey finds | Deepfake",https://www.reddit.com/r/technology/comments/1p5naeh/one_in_four_unconcerned_by_sexual_deepfakes/,TylerFortier_Photo,198,112,1764005343.0
AI is accelerating a tech backlash in American classrooms,https://www.reddit.com/r/technology/comments/1p5dqe1/ai_is_accelerating_a_tech_backlash_in_american/,rezwenn,687,158,1763980615.0
AI Is Making Every Gadget Cost More,https://www.reddit.com/r/technology/comments/1p5q4je/ai_is_making_every_gadget_cost_more/,dapperlemon,124,31,1764011524.0
Top MAGA Influencers Accidentally Unmasked as Foreign Actors,https://www.reddit.com/r/technology/comments/1p4r3rm/top_maga_influencers_accidentally_unmasked_as/,marji80,71059,1887,1763915616.0
U.S. senators call for probe of scam ads on Facebook and Instagram,https://www.reddit.com/r/technology/comments/1p5fyqv/us_senators_call_for_probe_of_scam_ads_on/,BreakfastTop6899,359,19,1763987895.0
Many Top MAGA Trolls Aren’t Even in the U.S. | New X feature has been very revealing,https://www.reddit.com/r/technology/comments/1p4qde5/many_top_maga_trolls_arent_even_in_the_us_new_x/,steffxoxoxoo,39313,1064,1763913867.0
AI super PAC launches $10 million campaign pushing ‘uniform’ national policy,https://www.reddit.com/r/technology/comments/1p5vbmc/ai_super_pac_launches_10_million_campaign_pushing/,Logical_Welder3467,52,15,1764023333.0
"AI is too risky to insure, say people whose job is insuring risk",https://www.reddit.com/r/technology/comments/1p5ezhz/ai_is_too_risky_to_insure_say_people_whose_job_is/,Logical_Welder3467,366,19,1763984882.0
Google denies analyzing your emails for AI training - here's what happened,https://www.reddit.com/r/technology/comments/1p53ywr/google_denies_analyzing_your_emails_for_ai/,HellYeahDamnWrite,2505,86,1763947648.0
Amazon to spend up to $50 billion on AI infrastructure for U.S. government,https://www.reddit.com/r/technology/comments/1p5vo03/amazon_to_spend_up_to_50_billion_on_ai/,chasseur_de_cols,38,14,1764024156.0
Hackers steal customer data from JPMorgan Chase and Citi,https://www.reddit.com/r/technology/comments/1p5kgk5/hackers_steal_customer_data_from_jpmorgan_chase/,lurker_bee,138,9,1763999232.0
Malaysia to ban social media for children under 16 next year,https://www.reddit.com/r/technology/comments/1p5jtfb/malaysia_to_ban_social_media_for_children_under/,Power-Equality,120,10,1763997748.0
Apple Cuts Jobs Across Its Sales Organization in Rare Layoff,https://www.reddit.com/r/technology/comments/1p5s0n7/apple_cuts_jobs_across_its_sales_organization_in/,McFatty7,46,6,1764015744.0
"Anthropic unveils Claude Opus 4.5, its latest AI model following $350 billion valuation",https://www.reddit.com/r/technology/comments/1p5qh1p/anthropic_unveils_claude_opus_45_its_latest_ai/,Marha01,51,10,1764012301.0
The Trump Mobile phone is nowhere to be found after months of delay | Trump Mobile has posted conflicting photos of the phone and scrubbed mention of its “Made in the USA” promise.,https://www.reddit.com/r/technology/comments/1p5tj1x/the_trump_mobile_phone_is_nowhere_to_be_found/,mepper,33,8,1764019186.0
Texas is getting less for broadband expansion than expected,https://www.reddit.com/r/technology/comments/1p5sex6/texas_is_getting_less_for_broadband_expansion/,idkbruh653,36,7,1764016638.0
"Amazon to invest up to $50 billion in AI, supercomputing for US government clients",https://www.reddit.com/r/technology/comments/1p5q5ar/amazon_to_invest_up_to_50_billion_in_ai/,FervidBug42,44,15,1764011572.0
"Unemployment could hit 25% among recent grads and trigger 'unprecedented' social disruption thanks to AI, U.S. senator warns",https://www.reddit.com/r/technology/comments/1p4nk7i/unemployment_could_hit_25_among_recent_grads_and/,MetaKnowing,10040,566,1763906807.0
GrapheneOS migrates server infrastructure from France amid police intimidation claims,https://www.reddit.com/r/technology/comments/1p5oyes/grapheneos_migrates_server_infrastructure_from/,defenestrate_urself,46,1,1764008963.0
The Strange and Totally Real Plan to Blot Out the Sun and Reverse Global Warming | A 25-person startup is developing technology to block the sun and turn down the planet’s thermostat. The stakes are huge — and the company and its critics say regulations need to catch up.,https://www.reddit.com/r/technology/comments/1p5fprd/the_strange_and_totally_real_plan_to_blot_out_the/,MetaKnowing,127,208,1763987160.0
"According to the brief, Meta was aware that millions of adult strangers were contacting minors on its sites; that its products exacerbated mental health issues in teens; and that content related to eating disorders, suicide, and child sexual abuse was frequently detected, yet rarely removed.",https://www.reddit.com/r/technology/comments/1p4q8tl/according_to_the_brief_meta_was_aware_that/,bllshrfv,5371,138,1763913587.0
Microsoft: Windows 11 24H2 bug crashes Explorer and Start Menu,https://www.reddit.com/r/technology/comments/1p5kjry/microsoft_windows_11_24h2_bug_crashes_explorer/,lurker_bee,59,33,1763999440.0
Makers slam Qualcomm for tightening the clamps on Arduino,https://www.reddit.com/r/technology/comments/1p5eydh/makers_slam_qualcomm_for_tightening_the_clamps_on/,Logical_Welder3467,83,18,1763984782.0
X’s New Feature Reveals Why Trust &amp; Safety Work Was Never About The ‘Censorship Industrial Complex’,https://www.reddit.com/r/technology/comments/1p5pret/xs_new_feature_reveals_why_trust_safety_work_was/,StraightedgexLiberal,22,0,1764010739.0
The cyberattacks are coming. Will anyone be there to stop them?,https://www.reddit.com/r/technology/comments/1p5dt2m/the_cyberattacks_are_coming_will_anyone_be_there/,rezwenn,68,15,1763980884.0
US transportation department unveils first female-modeled crash test dummy,https://www.reddit.com/r/technology/comments/1p4o39l/us_transportation_department_unveils_first/,waozen,2407,230,1763908227.0
Robots in your bloodstream could deliver drugs with greater precision,https://www.reddit.com/r/technology/comments/1p5slrm/robots_in_your_bloodstream_could_deliver_drugs/,rezwenn,9,7,1764017063.0
If the AI bubble burst it could spread innovation into research sectors outside the tech industry,https://www.reddit.com/r/technology/comments/1p5jty4/if_the_ai_bubble_burst_it_could_spread_innovation/,Jimpson,25,6,1763997784.0
Sim Racing’s Pathway to Legitimacy Continues as It Can Now Be Counted Towards a Nürburgring License,https://www.reddit.com/r/technology/comments/1p5u1dg/sim_racings_pathway_to_legitimacy_continues_as_it/,Exciting_Teacher6258,8,0,1764020358.0
The surprising issue driving a wedge between Trump and his MAGA base | President Donald Trump’s attempt to block states from regulating AI sparked pushback from Republicans concerned the tech will displace workers and harm children.,https://www.reddit.com/r/technology/comments/1p5grlc/the_surprising_issue_driving_a_wedge_between/,MetaKnowing,24,3,1763990134.0
What OpenAI Did When ChatGPT Users Lost Touch With Reality - The New York Times,https://www.reddit.com/r/technology/comments/1p5dte7/what_openai_did_when_chatgpt_users_lost_touch/,HellYeahDamnWrite,36,18,1763980914.0
Labor has brushed aside concerns over the social media ban. But what if it doesn’t work as promised?,https://www.reddit.com/r/technology/comments/1p5a0xe/labor_has_brushed_aside_concerns_over_the_social/,vriska1,67,57,1763966471.0
Bossware booms as bots determine whether you're doing a good job,https://www.reddit.com/r/technology/comments/1p5ey3o/bossware_booms_as_bots_determine_whether_youre/,Logical_Welder3467,25,5,1763984757.0
"'We cloned Gmail, except you're logged in as Epstein and can see his emails' is the most impressively cursed tech project of the year",https://www.reddit.com/r/technology/comments/1p48cxn/we_cloned_gmail_except_youre_logged_in_as_epstein/,seeebiscuit,35318,583,1763856612.0
"Americans’ Social Media Use 2025 Growing shares of U.S. adults say they are using Instagram, TikTok, WhatsApp and Reddit, but YouTube still rises to the top",https://www.reddit.com/r/technology/comments/1p55806/americans_social_media_use_2025_growing_shares_of/,ourlifeintoronto,117,40,1763951277.0
Activists are simulating ICE raids in GTA and Fortnite to teach immigrant rights,https://www.reddit.com/r/technology/comments/1p4pf7s/activists_are_simulating_ice_raids_in_gta_and/,AdSpecialist6598,859,70,1763911617.0
An Auto Holy Grail: Motors That Don’t Rely on Chinese Rare Earths,https://www.reddit.com/r/technology/comments/1p5saop/an_auto_holy_grail_motors_that_dont_rely_on/,rezwenn,6,0,1764016370.0
Is AI making some people delusional? Families and experts are worried,https://www.reddit.com/r/technology/comments/1p4uzyy/is_ai_making_some_people_delusional_families_and/,nosotros_road_sodium,355,98,1763924775.0
Scottish pro-Indy account network operated from Iran,https://www.reddit.com/r/technology/comments/1p5w1x1/scottish_proindy_account_network_operated_from/,Ramy__B,3,1,1764025091.0
"Ugly, dirty Microsoft Surface keyboards: Why high-tech computers and low-tech fabrics don’t mix",https://www.reddit.com/r/technology/comments/1p4rzco/ugly_dirty_microsoft_surface_keyboards_why/,nimicdoareu,467,47,1763917703.0
How Can Anyone Seriously Doubt Meta Is a Monopoly?,https://www.reddit.com/r/technology/comments/1p4mnbr/how_can_anyone_seriously_doubt_meta_is_a_monopoly/,rezwenn,914,153,1763904296.0
Insurers retreat from AI cover as risk of multibillion-dollar claims mounts,https://www.reddit.com/r/technology/comments/1p4o7rw/insurers_retreat_from_ai_cover_as_risk_of/,MetaKnowing,665,37,1763908565.0
"Benedict Cumberbatch says he feels ""pretty depressed"" about AI in the film industry and thinks we're ""vanilla-fying"" the ""thing that makes us human""",https://www.reddit.com/r/technology/comments/1p4e7ay/benedict_cumberbatch_says_he_feels_pretty/,ControlCAD,3786,250,1763874303.0
Anthropic Study Finds AI Model ‘Turned Evil’ After Hacking Its Own Training,https://www.reddit.com/r/technology/comments/1p4okub/anthropic_study_finds_ai_model_turned_evil_after/,MetaKnowing,607,92,1763909523.0
Bossware rises as employers keep closer tabs on remote staff,https://www.reddit.com/r/technology/comments/1p4w404/bossware_rises_as_employers_keep_closer_tabs_on/,CackleRooster,204,34,1763927466.0
Severe internet outages keep happening — and they might get worse,https://www.reddit.com/r/technology/comments/1p4rwzp/severe_internet_outages_keep_happening_and_they/,DrexellGames,283,40,1763917541.0
Google tells employees it must double capacity every 6 months to meet AI demand,https://www.reddit.com/r/technology/comments/1p42hut/google_tells_employees_it_must_double_capacity/,TheHeatIsHeated,17131,1471,1763841164.0
"Trump’s White House wants to tell CNN, WaPo who to hire and fire",https://www.reddit.com/r/technology/comments/1p4l5n8/trumps_white_house_wants_to_tell_cnn_wapo_who_to/,Wagamaga,539,32,1763899678.0
New ChatGPT teen-safety measures will include age prediction and age verification,https://www.reddit.com/r/technology/comments/1p4wae5/new_chatgpt_teensafety_measures_will_include_age/,Moth_LovesLamp,118,23,1763927899.0
Microsoft faces uphill climb to turn enterprise dominance into widespread AI chatbot adoption,https://www.reddit.com/r/technology/comments/1p4xup9/microsoft_faces_uphill_climb_to_turn_enterprise/,lurker_bee,92,38,1763931694.0
Tesla Sued Over Another Fatal Crash in Growing Scrutiny of Doors,https://www.reddit.com/r/technology/comments/1p46gm5/tesla_sued_over_another_fatal_crash_in_growing/,rezwenn,5431,233,1763851453.0
"Meta buried 'causal' evidence of social media harm, US court filings allege",https://www.reddit.com/r/technology/comments/1p4fc5y/meta_buried_causal_evidence_of_social_media_harm/,boppinmule,1091,20,1763878136.0
What to know about ‘AI psychosis’ and the effect of AI chatbots on mental health,https://www.reddit.com/r/technology/comments/1p5857b/what_to_know_about_ai_psychosis_and_the_effect_of/,Morganrow,13,9,1763960035.0
New study reveals TikTok &amp; Instagram content actually “rots” your brain,https://www.reddit.com/r/technology/comments/1p42hlk/new_study_reveals_tiktok_instagram_content/,tylerthe-theatre,6911,387,1763841144.0
Apple’s ‘skinny’ iPhone falls flat with disappointing early sales,https://www.reddit.com/r/technology/comments/1p47n1s/apples_skinny_iphone_falls_flat_with/,rezwenn,2893,959,1763854643.0
Pinterest is leaning hard into AI. The strategy is alienating its most dedicated users,https://www.reddit.com/r/technology/comments/1p4o66h/pinterest_is_leaning_hard_into_ai_the_strategy_is/,MetaKnowing,185,23,1763908443.0
"Robert Redford’s daughter Amy says no funeral has been held yet, speaks out against fake AI tributes: “I simply ask, what if this was you? Let that be your guidepost. Let human authenticity live, inspire and be the connective tissue we all crave.”",https://www.reddit.com/r/technology/comments/1p4ioj1/robert_redfords_daughter_amy_says_no_funeral_has/,ControlCAD,449,10,1763890707.0
DOGE Laid Off the Humans. Now the IRS Is Deploying AI Agents,https://www.reddit.com/r/technology/comments/1p43nmn/doge_laid_off_the_humans_now_the_irs_is_deploying/,lurker_bee,4413,235,1763844159.0
Ultrasonic device dramatically speeds harvesting of water from the air: « The system can be paired with any atmospheric water harvesting material to shake out drinking water in minutes instead of hours. »,https://www.reddit.com/r/technology/comments/1p4qxyk/ultrasonic_device_dramatically_speeds_harvesting/,fchung,94,12,1763915224.0
Investigating a Possible Scammer in Journalism’s AI Era,https://www.reddit.com/r/technology/comments/1p5mmnj/investigating_a_possible_scammer_in_journalisms/,Talqazar,2,1,1764003927.0
CrowdStrike fires ‘suspicious insider’ who passed information to hackers,https://www.reddit.com/r/technology/comments/1p486f7/crowdstrike_fires_suspicious_insider_who_passed/,Logical_Welder3467,1876,29,1763856122.0
"Bye, Copilot: Microsoft is making Copilot a hands-free experience on Windows",https://www.reddit.com/r/technology/comments/1p5lzab/bye_copilot_microsoft_is_making_copilot_a/,moeka_8962,0,1,1764002551.0
Will technology provide a boost to truck drivers — or will it replace them?,https://www.reddit.com/r/technology/comments/1p5vj50/will_technology_provide_a_boost_to_truck_drivers/,Hrmbee,0,10,1764023834.0
"Blue Origin announced a series of upgrades to New Glenn designed to increase payload performance and launch cadence, while enhancing reliability.",https://www.reddit.com/r/technology/comments/1p53r29/blue_origin_announced_a_series_of_upgrades_to_new/,EricFromOuterSpace,19,7,1763947022.0
The Fate of Google’s Ad Tech Monopoly Is Now in a Judge’s Hands,https://www.reddit.com/r/technology/comments/1p4n4xs/the_fate_of_googles_ad_tech_monopoly_is_now_in_a/,rezwenn,125,12,1763905666.0
How the Nexperia chip crisis upended auto supply chains - again | Reuters,https://www.reddit.com/r/technology/comments/1p57szr/how_the_nexperia_chip_crisis_upended_auto_supply/,Strict_League7833,8,2,1763958931.0
"Cloudflare outage on November 18, 2025",https://www.reddit.com/r/technology/comments/1p564ce/cloudflare_outage_on_november_18_2025/,Toco_Official,9,2,1763953825.0
You can’t eliminate real-world violence by suing over online speech,https://www.reddit.com/r/technology/comments/1p601c1/you_cant_eliminate_realworld_violence_by_suing/,StraightedgexLiberal,0,4,1764035675.0
"Valve confirms Steam Machine will be priced ‘like a PC with the same level of performance’ | Valve has said that price of its console-style PC, the Steam Machine, will be in line with comparable-spec PCs, and not subsidised to lower price points, as is the case with PlayStation and Xbox consoles.",https://www.reddit.com/r/technology/comments/1p5zm9u/valve_confirms_steam_machine_will_be_priced_like/,ControlCAD,0,13,1764034500.0
Court filing alleges staff at social media giants compared their platforms to drugs,https://www.reddit.com/r/technology/comments/1p4lbo5/court_filing_alleges_staff_at_social_media_giants/,HellYeahDamnWrite,128,2,1763900217.0
