title,channel,published_at,url
Digital Marketing Course in Chandigarh Student Review | Rakshit Kaushik #placementcourse,CIIM - Digital Marketing Institute,2025-11-25T07:01:47Z,https://www.youtube.com/watch?v=P2RcBCaNCTg
Google Maps  Free Full Digital Marketing Course in Telugu 2026 #digitalmarketingcourseintelugu,Digital BVR Alpha Community,2025-11-25T07:02:34Z,https://www.youtube.com/watch?v=DEkghU0P82w
After 12th Career Start in Digital Marketing | Digital Sandip Academy | Digital Marketing Course,Digital Sandip Academy,2025-11-25T06:46:04Z,https://www.youtube.com/watch?v=8dk2QMClAis
Step 3: Discovery Callüëç for your Digital Marketing Agency!,Nidhi Vaadhera,2025-11-25T06:30:22Z,https://www.youtube.com/watch?v=kFAi6I9lIDs
Digital Marketing looks easy‚Ä¶ until the results don‚Äôt.#DigitalMarketingHumor,Pro Space Tech Media,2025-11-25T06:23:16Z,https://www.youtube.com/watch?v=fiWfcSvLk6Y
Digital Marketing Secrets: Expert Tips for Success| Pakistan Matters,Pakistan Matters,2025-11-25T06:00:05Z,https://www.youtube.com/watch?v=1qzpyPob-eE
Providing Digital Marketing Support to Watford Dosa (UK) | Our Client Project,Humanity is eternal,2025-11-25T05:56:38Z,https://www.youtube.com/watch?v=uZt9MmMPPXg
Puku Create||Trading finance digital marketing||Learn smart grow fast #puku # trading #finance,Puku Create,2025-11-25T05:54:10Z,https://www.youtube.com/watch?v=AQwfE5mdWwY
üéØ Get UK-Certified in Digital Marketing from Kerala‚Äôs #1 Academy!, Sata Academy Official,2025-11-25T05:44:48Z,https://www.youtube.com/watch?v=YzFLVS3X7iE
why business owner learn digital marketing | Bangalore Digital Marketing | BDM,Bangalore Digital Marketing,2025-11-25T05:44:47Z,https://www.youtube.com/watch?v=939sAIj-454
MGH Pakistan | Ad Era Pk | Digital Marketing  #marketing #realestate #digital,Ad Era Pk,2025-11-25T05:26:58Z,https://www.youtube.com/watch?v=nPcP3ONfMIQ
MGH Pakistan | Ad Era Pk | Digital Marketing  #marketing #realestate #digital,Ad Era Pk,2025-11-25T05:25:22Z,https://www.youtube.com/watch?v=7vrp_Di4SU4
MGH Pakistan | Ad Era Pk | Digital Marketing,Ad Era Pk,2025-11-25T05:24:38Z,https://www.youtube.com/watch?v=DlgcVZc2yv8
"BEHIND EVERY CLICK, THERE‚ÄôS A STRATEGY | eLuminous Digital Marketing",eLuminous Technologies Digital Marketing,2025-11-25T05:25:02Z,https://www.youtube.com/watch?v=r85281EBHuI
MGH Pakistan  Ad Era Pk | Digital Marketing  #marketing #realestate #digital,Ad Era Pk,2025-11-25T05:22:40Z,https://www.youtube.com/watch?v=WLkbl5fu4vk
How to make money with Digital Marketing,Hustle$Kingz,2025-11-25T05:08:18Z,https://www.youtube.com/watch?v=u5KOBFZuNts
Ready to grow your business with smarter digital marketing? üöÄ,Rankaspect,2025-11-25T05:10:03Z,https://www.youtube.com/watch?v=MAZHh2-OcAY
Digital Marketing Course 2025 | Full Guide to Start Freelancing &amp; Online Earning,Freelancer Nest IT institute,2025-11-25T05:00:06Z,https://www.youtube.com/watch?v=oVYY4XoCRts
DIGITAL MARKETING MDC Important Questions B.Com FYUGP #Calicutuniversity #sabztalkz,SABZ TALKZ,2025-11-25T04:48:08Z,https://www.youtube.com/watch?v=ezdqaZegkKM
Stop Chasing Trends. Start Creating Impact | Viralon | Digital Marketing Services | Lucknow,Viralon Digtial Services ,2025-11-25T04:30:46Z,https://www.youtube.com/watch?v=zIe3XN0eB3c
"Chi·∫øn l∆∞·ª£c Digital Marketing cho ng√†nh logistics, xu·∫•t kh·∫©u, v·∫≠n chuy·ªÉn Ph·∫ßn 3",Hoa Le,2025-11-25T04:24:15Z,https://www.youtube.com/watch?v=2-FEt24ZlRg
power of digital marketing,Jass Kaur,2025-11-25T04:16:45Z,https://www.youtube.com/watch?v=V2DYLIa4p88
Experience the next level of digital marketing powered by artificial intelligence.,Lead Next AI,2025-11-25T04:14:11Z,https://www.youtube.com/watch?v=KBEudb6APfA
"Meet Tania Domingue | Certified Web Developer, UI/UX Expert &amp; Digital Marketing Industry Leader",Tania Domingue,2025-11-25T03:30:15Z,https://www.youtube.com/watch?v=V2F3kM6ybrM
Digital Marketing Ka Free Course | Earn Money Online Skills,Rajesh Market Guru,2025-11-25T03:06:20Z,https://www.youtube.com/watch?v=ZhfN-OfvW8k
Navigate the Digital Marketing Maze with Sean Hyde&#39;s Proven Strategies for Success,Sean Hyde,2025-11-25T03:00:51Z,https://www.youtube.com/watch?v=negr6oBuk88
What Digital Marketing actually means?,ShiMarketing Co,2025-11-25T02:58:01Z,https://www.youtube.com/watch?v=ShfljAfq7iI
Face Recognition Technology | Neha SEO Solutions | Digital Marketing Made Easy,Neha SEO Solutions,2025-11-25T02:30:40Z,https://www.youtube.com/watch?v=fc9THbIQIDc
Digital Marketing,Justin Springer,2025-11-25T02:12:11Z,https://www.youtube.com/watch?v=m85JIt3wa8k
Mastering Digital Marketing with Sean Hyde,ideation digital,2025-11-25T02:00:51Z,https://www.youtube.com/watch?v=24R-GzcR7hQ
Future of SMM Explained in Tamil | Digital Marketing in Tamil,Simplified E-learning,2025-11-25T01:30:04Z,https://www.youtube.com/watch?v=3yUi6Noam9k
Digital Marketing Full Guide for Beginners | How to Start Digital Marketing Step by Step (2025),MAHFUZA MEMI,2025-11-25T01:10:33Z,https://www.youtube.com/watch?v=qJuRVqWX5-0
digital marketing explain 2025 marketing hoti kya hai#shortvideo #viralshorts #short,MR.Technical Siraj,2025-11-25T01:07:10Z,https://www.youtube.com/watch?v=sfAr9S-77Qw
Beyond Buzz Practical Digital Marketing Alchemy for 2025,Digital Edge Playbook,2025-11-25T01:00:07Z,https://www.youtube.com/watch?v=4YrviTKIekE
Real Time Growth Experiments in 2025 Digital Marketing,digitalGrow,2025-11-25T01:00:24Z,https://www.youtube.com/watch?v=GoAzOm6lkIE
Check Out My Bio For More Details Of Digital marketing #digitalmarketing #digital #details,DIGITAL VIRAL,2025-11-25T00:51:15Z,https://www.youtube.com/watch?v=MJIjEjM9pDY
"Digital Marketing ‡§ï‡•ç‡§Ø‡§æ ‡§π‡•à? Types, Example ‡§î‡§∞ Benefits || ",MR.Technical Siraj,2025-11-25T00:50:06Z,https://www.youtube.com/watch?v=awYwuhKFsz8
LACOSTE FABRIC  #fashion #tshirt #tiruppur #digital marketing #merchandising.,KARKA KARKA TEXTILE ,2025-11-25T00:30:19Z,https://www.youtube.com/watch?v=Ms3Cq4LE5uM
Digital Marketing Doesn‚Äôt Have to Be Loud | Quiet Marketing for Beginners,Alexis | Faceless Digital Marketing,2025-11-25T00:02:14Z,https://www.youtube.com/watch?v=nfq5bxVmAYc
on chuttiüòù#yt #facts #factsdaily #factsoflife #factsonly #shorts #digitalmarketing  #corporatelife #,Fusionfame_io,2025-11-24T21:22:06Z,https://www.youtube.com/watch?v=QeCzO-E0WEc
DIGITAL MARKETING MDC Important Short and Long Essays B.Com FYUGP Calicutuniversity #SabzTalkz BCA ,SABZ TALKZ,2025-11-24T20:51:56Z,https://www.youtube.com/watch?v=E3qeAkCk8xE
"EXECUTOR DIGITAL: Marketing, Dados e Organiza√ß√£o! üöÄ",GILMAR FERREIRA BENTO ,2025-11-24T20:51:48Z,https://www.youtube.com/watch?v=SC_AvqaSlmo
Ag√™ncia de Marketing Digital que D√° Resultado: Descubra Como Escolher a Sua [Ep. #101],Guia-se Podcast,2025-11-24T20:00:06Z,https://www.youtube.com/watch?v=DNby71zPOt0
Digital Marketing! #workfromanywhere #digitalmarketing #pension,Moira Rutenberg - Earn extra income - Retirement ,2025-11-24T19:55:28Z,https://www.youtube.com/watch?v=ZQH5_2Cdm0A
Auron Vex ‚Äì The Neon Fox | Cyberpunk Rooftop Dance in 4K | DIGITAL MARKETING : Ads campaign,Kaniz's Network,2025-11-24T19:34:49Z,https://www.youtube.com/watch?v=py-gUB-Hwok
Idigitalprenure#Work From Home#Digital University#Digital Skill#Digital Marketing##9334203727#," SAMAR OFFICIAL,MLM & WELLNESS COACH ",2025-11-24T19:20:21Z,https://www.youtube.com/watch?v=8Gj60m9JDjQ
Free Best 10 Content Creation Tools | Social Media | Digital Marketing 2006 | Lavina Goyal,Lavina Goyal - Digital Marketing ,2025-11-24T18:39:28Z,https://www.youtube.com/watch?v=o_gWWD1JsmA
Rules of successüßø......... #business #digitalmarketing #onlinemarketing #viral #shorts,Learn with RCM,2025-11-24T17:59:20Z,https://www.youtube.com/watch?v=n7ZctOteVdE
Doing Digital Marketing WRONG! Fix Your Funnel Strategy to Boost Conversions &amp; Scale Fast in 2026.,Digital Marketing Crew,2025-11-24T17:28:35Z,https://www.youtube.com/watch?v=zV6movsABeM
Boost Your Yate Small Business with Local Digital Marketing,UltraBoom,2025-11-24T15:57:34Z,https://www.youtube.com/watch?v=EQ0eptg7H94
congratulations üéâüéâüéâ one day income  #digitalmarketing #onlinebusiness  #earnmoney #yashbiz,Digital work babli,2025-11-24T15:19:28Z,https://www.youtube.com/watch?v=VxEhDhA4cE8
"Floating Billboard, Ad Budget Review #digitalmarketing #shorts",Arham Farooq,2025-11-24T15:17:51Z,https://www.youtube.com/watch?v=_8o4H2dkBJk
Day 5 of Business Series | Shahzad kirana store| Digital Marketing Kya Hai #mybusiness #ytshorts,Shahzad kirana store,2025-11-24T14:58:55Z,https://www.youtube.com/watch?v=UP2tt8-QaqU
"Looking for top-notch App Development, Web Design, and Digital Marketing services affordable rates?",Godavari Wave Technologies Private Limited,2025-11-24T14:38:59Z,https://www.youtube.com/watch?v=FiPmef9ILss
Digital Marketing VS Traditional Marketing #trazidigitalacademy #digitalmarketing,Trazi Digital Academy,2025-11-24T14:16:10Z,https://www.youtube.com/watch?v=HzZOeVnez4Y
Kya Aap Jante ho üò±‚ùì#youtubeshorts #digitalmarketing #viral,Creatorwithaanshu ,2025-11-24T14:07:36Z,https://www.youtube.com/watch?v=wVcBeOMgs34
How To Learn To Do Digital Marketing,Linda Bomba,2025-11-24T14:00:06Z,https://www.youtube.com/watch?v=K_tZhL6vGKc
Google Ads in Telugu 2026 | Free Complete Digital Marketing Course in Telugu 2026  Google Ads Course,Digital BVR Alpha Community,2025-11-24T13:30:07Z,https://www.youtube.com/watch?v=6MK8r9AnmQE
"üöÄ What is Digital Marketing? Complete Beginner&#39;s Guide to Jobs, Skills &amp; Salary in 2026 üíº",StarAgile,2025-11-24T13:30:06Z,https://www.youtube.com/watch?v=6Bcwj1g5lpg
Digital Marketing Career Guide for Students | Start Today I Fastech Computer Academy I,Fastech Computer Academy,2025-11-24T13:18:09Z,https://www.youtube.com/watch?v=CWpwfLCHWpA
How to Start Digital Marketing in 2025 | Freelancing | Online Earning Tips class 01,PIJUSH MONDOL,2025-11-24T13:00:06Z,https://www.youtube.com/watch?v=UihCO5Kim8U
define CPAAS || Seoage Digital Marketing ||  #youtubeshorts #officemove #trending,Seoage Digital Marketing,2025-11-24T12:55:16Z,https://www.youtube.com/watch?v=pdBXhQff5QQ
Attention to Tirupur Business Owners_ ‡Æâ‡Æô‡Øç‡Æï‡Æ≥‡Øç ‡Æµ‡Æø‡ÆØ‡Ææ‡Æ™‡Ææ‡Æ∞‡Æ§‡Øç‡Æ§‡ØÅ‡Æï‡Øç‡Æï‡ØÅ Digital Marketing Super Power,ZED MONEY MEDIA ,2025-11-24T12:33:16Z,https://www.youtube.com/watch?v=-2fH_iNKEn0
‚ÄúThe Obsidian Covenant | Rise of Architect Prime‚Äù DIGITAL MARKETING : Social Media Ads campaign,Kaniz's Network,2025-11-24T12:30:32Z,https://www.youtube.com/watch?v=GPQj_ZO39xQ
This Is Why You Need a Real Agency üòÇ | Digital Marketing Meme,The Rank One,2025-11-24T12:30:37Z,https://www.youtube.com/watch?v=OFlVbJcnW1I
‚Äú Batman &amp; Joker‚Äôs Hilarious Gym Fail | Pixar‚ÄëStyle Cartoon Short‚Äù DIGITAL MARKETING : Ads campaign,Kaniz's Network,2025-11-24T12:31:15Z,https://www.youtube.com/watch?v=pb2v0EjxKQ0
Honey Bee Builders Ganesh Puram| Pandssa Web Media | Digital Marketing Agency in Chennai,Pandssa Ads,2025-11-24T12:10:04Z,https://www.youtube.com/watch?v=DKwY98K7leY
"India best digital marketing compamy , star sewa cpmpany #STARSEWA #DIGITALMARKETING #ADVERTISING ",Sandeep Minhas,2025-11-24T12:03:12Z,https://www.youtube.com/watch?v=O_xEl095iJs
"Digital marketing is the fastest way to make money online right now. Learn the skill,earn the income",Shawn Meaike Mindset,2025-11-24T11:43:51Z,https://www.youtube.com/watch?v=9ADyTWcGq7g
Digital Marketing for Healthcare &amp; Doctors | #nexoradigital360| Doctor Marketing Client Review,#Nexora Digital360,2025-11-24T11:08:40Z,https://www.youtube.com/watch?v=zEU8uMoft0Q
DIGITAL MARKETING MDC B.Com BBA BCA FYUGP Important Questions #calicutuniversity #SabzTalkz ,SABZ TALKZ,2025-11-24T11:03:21Z,https://www.youtube.com/watch?v=xQCK8TthqTM
Learn Digital Marketing Course With BCA | Digital Sandip Academy | Digital Marketing Course 2025,Digital Sandip Academy,2025-11-24T10:44:58Z,https://www.youtube.com/watch?v=JXC7-jKbO58
Mahakumbh 2.0 Free Digital Marketing Training for Beginners,Zinmatt Official,2025-11-24T10:29:59Z,https://www.youtube.com/watch?v=GAXg23LPTnc
Digital Marketing Is Changing Forever ‚Äî Are You Ready?,DigiGrow Canada,2025-11-24T10:04:10Z,https://www.youtube.com/watch?v=4HJcN645QvA
Mobile ‡§π‡•Ä ‡§π‡•à ‡§®‡§Ø‡§æ ‡§¨‡§æ‡§ú‡§º‡§æ‡§∞! Digital Marketing for Beginners#exam #school#commerce,SMART LEARNING BY TOON COMMERCE ,2025-11-24T09:40:08Z,https://www.youtube.com/watch?v=yMVwaCWMuFc
Makeup Artists ‡§¨‡§ø‡§ú‡§®‡•á‡§∏ ‡§ï‡•ã ‡§ï‡•à‡§∏‡•á ‡§¨‡§¢‡§º‡§æ‡§Ø‡•á‡§Ç ‡•§ Digital Marketing SEO Tips for Salon #seocompany,Webpulse Solution Private Limited,2025-11-24T09:07:14Z,https://www.youtube.com/watch?v=OormTQH35T0
Sinh vi√™n Digital Marketing r√®n luy·ªán t∆∞ duy s√°ng t·∫°o th√¥ng qua c√°c t√¨nh hu·ªëng b√†i h·ªçc,S·∫£n ph·∫©m sinh vi√™n - FPT Polytechnic,2025-11-24T07:39:26Z,https://www.youtube.com/watch?v=PzMt40xGzDY
PRIVAT DIGITAL MARKETING UNTUK PEMULA | TIPS INDONESIA | 0858-5269-1077,kursus digital marketing indonesia,2025-11-24T07:27:43Z,https://www.youtube.com/watch?v=zn0Hq3wiazA
"WORKSHOP DIGITAL MARKETING KNPI KOTA KEDIRI PACU KEMANDIRIAN PEMUDA, WAWALI BERIKAN DUKUNGAN PENUH",JAVA TV NASIONAL,2025-11-24T07:28:30Z,https://www.youtube.com/watch?v=CXzwC17QI5U
DIGITAL MARKETING is in safe Hands ü§úü§õFeel the energy! #iqjita #institute,IQJITA ,2025-11-24T07:13:49Z,https://www.youtube.com/watch?v=LS88A3oEdi4
üéØ Get UK-Certified in Digital Marketing from Kerala‚Äôs #1 Academy!, Sata Academy Official,2025-11-24T06:35:27Z,https://www.youtube.com/watch?v=AE2jl830z0c
Alpha Digital Academy | Alphora&#39;25 | Convocation Ceremony | Digital Marketing,Alpha Digital Academy,2025-11-24T04:57:40Z,https://www.youtube.com/watch?v=Jvy0VqA5S0I
The riches are in the niches‚Ä¶,Win in Marketing,2025-11-24T03:58:50Z,https://www.youtube.com/watch?v=jgh_B7XA_4k
Digital Marketing | ClickByVal LLC,ClickByVal LLC,2025-11-24T03:51:58Z,https://www.youtube.com/watch?v=VxSiSKtGsaE
Digital Marketing in Telugu: Phase-2 Advanced Modules Explained,Digital Chandu Telugu,2025-11-24T03:30:25Z,https://www.youtube.com/watch?v=MbDXpuYRP-0
#duet #islamicprayer #funny #islamicrecitation #digitalmarketing #quranrecitation #unfrezzmyaccount,Dunida Dahsoon,2025-11-24T03:00:49Z,https://www.youtube.com/watch?v=egE3X8aeDFo
pelatihan igital 0895-3257-10836 kursus pelatihan digital marketing #masukberanda #kursusberkualitas,Pelatihandigital,2025-11-24T02:47:56Z,https://www.youtube.com/watch?v=wBkmervSbcQ
Future of SEO Explained in Tamil | Digital Marketing in Tamil,Simplified E-learning,2025-11-24T01:30:32Z,https://www.youtube.com/watch?v=PQREWysDAHQ
Verdade que ningu√©m te conta üí∏ #dinheiro #digital #marketing #ia #ias #cortesvirais #ruyter #fyp„Ç∑,REDE OCULTA,2025-11-23T19:14:50Z,https://www.youtube.com/watch?v=H7aA-sUFkMk
What exactly is digital marketing?,ATK APK Tech Portal ,2025-11-23T19:01:52Z,https://www.youtube.com/watch?v=opJMp3HpoZM
Avengers Endgame Quotes &amp; SEO Lessons: The Digital Marketing Infinity War #marvel #avengers #shorts,MemeAssemble,2025-11-23T18:17:26Z,https://www.youtube.com/watch?v=xbESw5Iod9g
digital marketing,Iqra Ansari,2025-11-23T17:08:31Z,https://www.youtube.com/watch?v=5fAHOj-b-dI
‚ÄúOne Small Help‚Ä¶ Big Impact | Digital Marketing Motivation‚Äù,Aishwarya | Digital Marketing Expert,2025-11-23T15:20:47Z,https://www.youtube.com/watch?v=eHcYayxVwZ8
BTS | Videographers | Events | Digital Marketing | CelebrateFX | Bahrain,CELEBRATE FX,2025-11-23T15:21:07Z,https://www.youtube.com/watch?v=OKWumXkVACM
What&#39;s the Good News? Feat  Digital Marketing Legend Srinidhi Ranganathan,AI Shorts,2025-11-23T15:21:38Z,https://www.youtube.com/watch?v=LoUjPXwUy9A
Comment ‚ÄúFLEX‚Äù below if you‚Äôre ready to start digital marketing today!#fyp #digitalmarketing,DigitalWealthFlex,2025-11-23T15:17:35Z,https://www.youtube.com/watch?v=FbQ8y-DRJSI
·ã´·àà·àù·äï·àù ·àò·äê·àª ·åà·äï·ãò·â• ·ã®·àù·âµ·åÄ·àù·à©·âµ ·àµ·à´ | Digital Marketing Full Guide | @AronKamil-,Yonas Moh,2025-11-23T15:08:53Z,https://www.youtube.com/watch?v=XaJgznaplKU
N√ÉO COMPRE CURSO DE MARKETING DIGITAL,Gustavo de Lima,2025-11-23T15:00:43Z,https://www.youtube.com/watch?v=Oh5E2MHCxoI
üî•‡¶è‡¶≠‡¶æ‡¶¨‡ßá ‡¶´‡¶æ‡¶á‡¶¨‡¶æ‡¶∞‡ßá Digital marketing ‡¶ó‡¶ø‡¶ó ‡¶§‡ßà‡¶∞‡¶ø ‡¶ï‡¶∞‡¶≤‡ßá 100% ‡¶®‡¶ø‡¶∂‡ßç‡¶ö‡¶ø‡¶§ ‡¶Æ‡¶æ‡¶§‡ßç‡¶∞ 7 ‡¶¶‡¶ø‡¶®‡ßá ‡¶´‡¶æ‡¶á‡¶¨‡¶æ‡¶∞‡ßá‡¶∞ ‡¶ó‡¶ø‡¶ó ‡¶∞‡ßá‡¶ô‡ßç‡¶ï‡¶ø‡¶Ç ‡¶è ‡¶Ü‡¶∏‡¶¨‡ßá,Freelancing by Priya,2025-11-23T15:01:04Z,https://www.youtube.com/watch?v=Y2F7fE9PxJs
digital marketing services #funny #entertainment #comedy #fun #hometech #new‡§Æ‡§æ‡§∞‡§µ‡§æ‡§°‡§º‡•Äcomedy #comedy,BR Solera,2025-11-23T14:26:02Z,https://www.youtube.com/watch?v=ggPWvdgBe7c
